7,255,255,255,255,255,255,255,255,255,255,255,255,255,255,255,255,255,255,255,255,255,255,255,255,255,255,255,255,255,255,255,255,255,254,253,247,244,207,179,225,248,255,254,255,255,255,255,255,255,251,252,175,52,32,20,26,254,250,254,255,255,255,255,255,254,114,58,152,210,251,251,34,249,255,255,255,255,255,255,255,253,243,254,243,253,250,215,108,247,251,254,255,255,252,255,255,255,255,252,255,254,252,109,179,255,246,254,255,255,250,254,255,255,253,251,255,255,252,55,179,233,209,141,101,92,118,254,255,255,254,176,71,135,39,32,98,92,109,154,234,252,247,255,255,255,255,255,189,173,173,150,251,252,255,250,255,248,251,253,255,255,253,253,253,167,159,210,253,255,251,251,255,252,253,252,255,255,254,251,255,229,132,237,254,253,254,255,253,255,255,254,255,255,252,255,255,249,9,248,247,255,250,255,255,255,255,255,255,255,254,253,255,245,162,247,254,253,255,254,255,255,255,255,255,255,254,252,255,252,252,252,255,255,254,255,255,255,255,255,255,255,255,255,255,255,255,255,255,255,255,255,255,255,255,255,255
9,255,255,255,255,255,255,255,255,255,255,255,255,255,255,255,255,255,255,254,255,248,254,200,217,218,237,176,161,252,254,255,255,255,255,254,253,194,145,110,111,196,247,250,192,183,253,255,255,255,255,253,143,203,246,7,251,249,255,249,234,115,255,255,255,255,255,252,74,244,252,200,171,138,93,129,196,253,253,255,255,255,255,253,201,146,166,146,87,107,48,206,255,255,254,255,255,255,255,251,255,253,251,255,253,112,233,253,250,255,255,255,255,255,255,253,254,254,252,252,144,178,254,252,255,255,255,255,255,255,255,254,254,252,252,223,149,251,254,254,254,255,255,255,255,255,255,254,255,251,246,77,215,253,255,250,255,255,255,255,255,255,255,253,255,252,156,188,254,252,254,255,255,255,255,255,255,255,255,254,255,194,127,253,253,255,255,255,255,255,255,255,255,255,255,255,255,103,225,248,251,255,255,255,255,255,255,255,255,255,255,251,122,197,251,253,255,255,254,255,255,255,255,255,255,255,255,250,186,252,253,248,255,255,254,255,255,255,255,255,255,255,255,255,255,255,255,255,255,255,255,255,255,255,255,255,255
6,255,255,253,254,252,248,253,252,252,248,253,253,253,253,255,255,255,255,253,251,229,73,80,70,69,41,249,253,253,253,255,255,255,255,254,58,67,66,70,68,55,66,249,253,253,253,255,255,255,255,252,76,70,56,243,249,105,245,253,253,253,253,255,255,255,255,34,74,79,242,254,252,245,253,252,253,253,253,255,255,255,255,84,78,88,250,253,252,251,252,253,252,253,253,255,255,255,255,89,74,65,252,252,252,251,252,253,252,254,253,255,255,255,255,90,73,92,249,252,252,251,252,252,253,252,252,255,255,255,255,77,71,84,248,250,252,252,251,250,253,251,252,255,255,255,255,91,84,85,251,254,86,79,71,71,74,53,250,255,255,255,255,62,75,74,69,72,73,69,87,78,69,68,68,255,255,255,255,229,71,71,62,65,216,249,248,243,77,64,81,255,255,255,255,253,83,69,63,73,250,245,253,56,67,68,142,255,255,255,255,251,244,75,69,70,73,77,72,67,70,80,254,255,255,255,255,251,250,250,61,73,72,66,80,67,249,251,252,255,255,255,255,255,255,255,255,255,255,255,255,255,255,255,255,255,255
9,255,255,255,254,251,252,253,252,251,253,252,253,253,255,255,255,255,255,255,253,236,28,65,54,17,30,46,251,253,255,255,255,255,255,255,250,75,52,252,250,248,251,248,99,253,255,255,255,255,255,255,246,107,249,252,254,253,251,248,196,248,255,255,255,255,255,255,244,230,250,252,253,254,252,214,247,240,255,255,255,255,255,255,246,252,251,253,253,254,251,21,238,252,255,255,255,255,255,255,241,204,249,253,253,252,199,248,252,251,255,255,255,255,255,255,251,125,246,252,251,240,91,250,250,252,255,255,255,255,255,255,252,250,112,52,73,154,250,253,242,250,255,255,255,255,255,255,253,254,253,252,251,253,252,251,249,248,255,255,255,255,255,255,253,253,253,253,253,253,253,253,248,254,255,255,255,255,255,255,253,253,253,253,253,253,253,253,238,253,255,255,255,255,255,255,253,253,253,253,253,253,253,252,160,254,255,255,255,255,255,255,250,26,252,251,251,253,251,218,113,250,255,255,255,255,255,255,252,211,52,114,188,162,180,246,247,253,255,255,255,255,255,255,255,255,255,255,255,255,255,255,255,255,255,255,255
9,255,255,254,254,254,254,255,249,253,252,251,254,254,254,255,255,255,255,254,253,234,80,152,245,247,253,186,136,245,254,255,255,255,255,251,209,255,255,254,255,253,254,254,254,108,254,255,255,255,255,238,252,255,253,254,254,254,254,254,253,138,253,255,255,255,255,146,252,254,254,254,254,254,254,252,160,221,248,255,255,255,255,177,248,252,251,249,254,251,122,226,254,245,254,255,255,255,255,255,253,124,113,127,251,252,246,255,254,254,247,255,255,255,255,254,253,253,253,249,251,254,254,254,254,250,224,255,255,255,255,254,254,254,254,254,254,254,254,254,254,249,160,255,255,255,255,254,254,254,254,254,254,254,254,254,254,252,208,255,255,255,255,254,254,254,254,254,254,254,254,254,254,253,242,255,255,255,255,254,254,254,254,254,254,254,254,254,254,218,248,255,255,255,255,254,254,254,254,254,254,254,254,254,247,202,254,255,255,255,255,161,230,239,255,253,255,255,248,253,123,251,254,255,255,255,255,247,253,155,83,239,251,205,96,252,254,254,254,255,255,255,255,255,255,255,255,255,255,255,255,255,255,255,255,255,255
7,255,255,249,250,254,253,252,246,254,250,251,251,252,253,255,255,255,255,247,158,102,81,63,88,252,252,252,249,251,250,255,255,255,255,209,238,249,248,246,149,46,249,252,251,251,251,255,255,255,255,251,251,250,250,250,250,93,136,251,251,252,252,255,255,255,255,251,251,251,253,253,250,252,49,250,251,251,251,255,255,255,255,252,251,250,252,251,252,240,55,240,253,252,252,255,255,255,255,250,250,249,252,251,251,246,47,170,232,215,169,255,255,255,255,253,240,124,54,72,71,76,38,41,159,207,242,255,255,255,255,251,250,250,248,248,251,248,48,216,247,250,253,255,255,255,255,253,250,250,252,251,249,250,47,233,250,249,251,255,255,255,255,251,252,251,252,251,249,242,33,252,250,250,252,255,255,255,255,251,251,251,251,250,251,253,22,248,250,250,251,255,255,255,255,251,251,251,250,250,249,201,47,252,247,250,252,255,255,255,255,251,251,250,250,252,252,93,130,250,253,251,251,255,255,255,255,253,251,250,251,253,250,62,214,250,250,251,251,255,255,255,255,255,255,255,255,255,255,255,255,255,255,255,255,255,255
2,255,255,255,255,255,255,255,255,255,255,255,255,255,255,255,255,255,254,254,253,251,210,175,188,234,254,255,255,255,255,255,255,255,254,254,252,118,42,61,86,174,254,254,255,255,255,255,255,253,253,241,55,91,221,255,189,163,244,254,254,255,255,255,255,252,234,116,120,249,253,248,118,183,255,253,255,255,255,255,255,255,194,155,242,251,250,192,106,233,252,253,255,255,255,255,255,251,251,225,253,252,238,87,204,252,255,252,255,255,255,255,255,255,248,251,254,233,133,156,253,255,253,255,255,254,255,255,255,252,251,253,248,144,158,250,252,252,253,255,253,254,253,253,255,255,251,248,232,122,239,255,250,255,250,254,254,251,255,255,255,248,252,236,85,183,252,244,254,254,253,248,237,222,219,250,255,254,252,165,79,250,250,251,249,237,159,131,128,182,210,248,255,255,248,138,111,253,245,223,125,86,123,210,252,243,251,251,255,255,248,203,116,102,112,141,170,234,251,253,255,254,255,255,255,255,249,249,232,217,226,255,251,254,250,254,254,255,255,255,255,255,255,255,255,255,255,255,255,255,255,255,255,255,255,255,255
7,255,255,254,253,254,251,255,255,255,255,255,253,252,255,255,255,255,255,252,149,165,250,249,251,252,253,251,249,249,255,255,255,255,255,251,213,184,161,125,135,164,155,220,72,194,255,255,255,255,255,254,240,252,251,252,246,202,184,59,209,245,253,255,255,255,255,255,253,254,254,254,253,251,208,127,253,253,255,255,255,255,255,254,253,252,255,254,255,251,91,251,253,255,251,255,255,255,255,255,253,254,253,254,250,182,58,255,255,255,255,255,255,255,255,255,255,254,254,253,253,126,201,253,253,255,255,255,255,255,255,255,254,247,200,249,250,53,198,160,247,255,255,255,255,255,255,255,255,245,60,81,62,47,89,159,249,255,255,255,255,255,255,255,254,255,244,247,139,179,250,255,254,255,255,255,255,255,255,255,254,254,253,251,141,252,253,253,254,255,255,255,255,255,255,255,255,255,255,244,169,251,253,255,253,255,255,255,255,255,255,255,254,253,254,172,186,254,254,255,255,255,255,255,255,255,255,255,253,254,248,121,240,253,255,255,255,255,255,255,255,255,255,255,255,255,255,255,255,255,255,255,255,255,255,255,255
9,255,255,255,252,249,250,253,252,253,253,254,253,253,255,255,255,255,255,255,252,90,74,72,76,40,252,252,255,254,255,255,255,255,255,255,72,65,73,70,69,73,66,251,254,254,255,255,255,255,255,255,72,72,98,253,76,67,66,47,253,254,255,255,255,255,255,255,106,76,78,247,76,65,69,74,253,254,255,255,255,255,255,255,173,76,68,69,64,86,82,75,89,253,255,255,255,255,255,255,253,203,82,73,50,254,93,75,73,250,255,255,255,255,255,255,252,255,252,252,251,252,253,80,70,45,255,255,255,255,255,255,253,253,253,252,252,252,253,89,72,86,255,255,255,255,255,255,253,253,252,253,252,252,253,64,81,82,255,255,255,255,255,255,253,253,252,253,252,252,252,82,74,89,255,255,255,255,255,255,253,253,253,251,252,252,252,48,72,88,255,255,255,255,255,255,255,251,57,56,248,249,248,81,72,70,255,255,255,255,255,255,253,156,73,84,69,68,73,76,92,253,255,255,255,255,255,255,253,253,105,73,71,73,75,60,251,253,255,255,255,255,255,255,255,255,255,255,255,255,255,255,255,255,255,255,255
6,255,255,255,254,254,254,249,255,255,254,254,254,255,255,255,255,255,255,255,254,254,254,226,249,255,254,254,254,255,255,255,255,255,255,255,254,254,251,116,254,254,254,254,254,255,255,255,255,255,255,255,254,254,185,253,254,254,254,254,254,255,255,255,255,255,255,255,253,254,112,255,254,254,254,254,254,255,255,255,255,255,255,255,254,248,255,254,254,254,254,254,254,255,255,255,255,255,255,255,236,187,253,254,254,254,254,254,254,255,255,255,255,255,255,255,250,124,254,254,254,254,254,254,254,255,255,255,255,255,255,255,253,250,255,254,254,254,254,255,254,255,255,255,255,255,255,255,242,255,255,254,254,254,254,253,254,255,255,255,255,255,255,255,235,255,254,254,254,254,245,248,145,255,255,255,255,255,255,255,255,254,254,254,253,255,166,241,249,255,255,255,255,255,255,255,250,254,249,255,251,167,238,228,120,255,255,255,255,255,255,255,254,135,254,254,117,253,248,75,254,255,255,255,255,255,255,255,247,255,74,62,82,98,247,249,254,255,255,255,255,255,255,255,255,255,255,255,255,255,255,255,255,255,255,255,255
7,255,255,255,255,252,242,253,254,248,248,253,248,255,255,255,255,255,255,255,255,236,177,99,89,119,111,235,28,255,255,255,255,255,255,255,255,253,253,251,251,253,252,253,89,255,255,255,255,255,255,255,255,253,253,253,253,253,253,253,212,255,255,255,255,255,255,255,255,253,253,253,253,253,254,251,246,255,255,255,255,255,255,255,255,253,254,254,253,253,254,216,249,255,255,255,255,255,255,255,255,254,254,254,252,253,255,136,249,255,255,255,255,255,255,255,255,253,254,254,253,253,247,73,250,255,255,255,255,255,255,255,255,254,254,253,253,253,251,55,254,255,255,255,255,255,255,255,255,254,254,254,253,254,252,136,251,255,255,255,255,255,255,255,255,254,254,255,253,254,251,247,251,255,255,255,255,255,255,255,255,254,254,254,254,253,251,250,254,255,255,255,255,255,255,255,255,254,254,254,254,254,110,252,255,255,255,255,255,255,255,255,255,254,254,254,254,254,96,248,253,255,255,255,255,255,255,255,255,254,254,254,254,250,67,251,253,255,255,255,255,255,255,255,255,255,255,255,255,255,255,255,255,255,255,255,255
7,255,254,253,255,252,255,252,255,255,250,254,254,255,255,255,255,255,253,253,230,200,236,253,252,253,255,253,254,255,255,255,255,255,233,167,225,61,74,187,252,252,250,254,254,255,255,255,255,255,218,241,253,250,162,38,237,249,255,254,254,255,255,255,255,255,243,253,251,251,250,55,125,250,254,253,255,255,255,255,255,255,253,255,253,253,248,161,130,240,254,254,255,255,255,255,255,255,251,251,252,255,255,240,118,224,253,248,249,253,249,255,255,255,246,202,188,194,198,179,108,171,183,176,188,248,254,255,255,255,250,206,146,134,140,156,116,180,198,200,206,253,254,255,255,255,252,254,253,252,248,234,125,228,255,253,253,255,253,255,255,255,254,253,252,251,251,232,138,242,254,253,255,252,255,255,255,255,254,253,254,254,253,214,133,249,255,253,255,253,254,255,255,255,255,255,255,255,254,233,148,244,255,253,255,255,255,255,255,255,255,255,255,255,255,240,160,247,251,254,254,255,255,255,255,255,255,255,255,255,254,254,235,249,253,254,255,255,255,255,255,255,255,255,255,255,255,255,255,255,255,255,255,255,255,255,255
4,255,255,255,254,224,255,251,250,252,252,255,253,254,255,255,255,255,255,255,192,221,252,252,252,252,252,253,251,255,255,255,255,255,255,255,203,186,253,252,253,251,254,253,251,252,255,255,255,255,255,255,255,146,255,251,248,254,246,56,252,249,255,255,255,255,255,255,255,118,246,248,253,253,251,158,199,254,255,255,255,255,255,255,250,86,249,255,254,250,253,93,150,249,255,255,255,255,255,255,252,53,253,254,249,254,104,173,105,248,255,255,255,255,255,255,253,183,83,244,230,135,252,201,174,255,255,255,255,255,255,255,252,251,226,74,185,246,250,205,101,255,255,255,255,255,255,255,252,250,253,251,254,252,252,212,109,255,255,255,255,255,255,255,253,252,252,251,253,251,250,248,109,253,255,255,255,255,255,255,251,250,249,255,253,254,254,245,83,250,255,255,255,255,255,255,251,251,255,254,254,255,252,249,34,255,255,255,255,255,255,255,250,253,253,252,254,252,247,250,59,240,255,255,255,255,255,255,254,251,254,252,253,254,253,252,233,62,255,255,255,255,255,255,255,255,255,255,255,255,255,255,255,255,255,255,255
2,255,246,249,252,252,249,247,250,252,252,252,252,253,255,255,255,255,248,249,209,173,164,167,182,236,253,255,255,254,255,255,255,255,244,204,95,109,143,146,107,132,250,253,255,254,255,255,255,255,245,213,201,244,248,252,203,55,249,251,255,255,255,255,255,255,254,249,253,250,251,245,180,49,255,255,252,255,255,255,255,255,253,253,253,253,254,249,122,159,250,251,252,253,255,255,255,255,254,253,255,249,252,235,54,238,245,250,250,253,255,255,255,255,253,255,249,254,255,139,164,255,253,248,254,252,255,255,255,255,255,253,244,250,191,78,230,250,253,253,254,253,255,254,255,255,253,252,251,237,135,171,247,251,253,254,252,253,252,249,255,255,248,254,253,141,94,236,242,250,253,253,255,254,249,250,255,255,254,255,105,41,225,243,230,243,207,203,210,213,217,244,255,255,253,254,98,57,35,50,62,59,76,75,65,55,139,252,255,255,254,252,224,177,182,198,230,233,236,233,232,213,226,249,255,255,255,255,253,249,251,252,250,253,252,251,251,249,249,250,255,255,255,255,255,255,255,255,255,255,255,255,255,255,255,255,255
1,255,255,255,255,255,253,253,253,253,252,254,255,255,255,255,255,255,255,255,255,255,253,253,253,251,242,248,255,255,255,255,255,255,255,255,255,255,253,253,253,255,249,244,255,255,255,255,255,255,255,255,255,255,253,253,252,132,241,252,255,255,255,255,255,255,255,255,255,255,253,253,124,252,180,253,255,255,255,255,255,255,255,255,255,255,253,211,247,249,86,250,255,255,255,255,255,255,255,255,255,255,204,251,253,253,63,253,255,255,255,255,255,255,255,255,255,255,252,253,253,246,176,251,255,255,255,255,255,255,255,255,255,255,253,253,253,253,228,254,255,255,255,255,255,255,255,255,255,255,253,253,253,243,244,253,255,255,255,255,255,255,255,255,255,255,253,253,253,246,250,253,255,255,255,255,255,255,255,255,255,255,253,253,253,242,251,254,255,255,255,255,255,255,255,255,255,255,253,253,253,247,248,252,255,255,255,255,255,255,255,255,255,255,253,253,255,249,250,253,255,255,255,255,255,255,255,255,255,255,253,253,255,240,249,252,255,255,255,255,255,255,255,255,255,255,255,255,255,255,255,255,255,255,255,255,255
0,255,254,253,247,242,250,253,251,254,253,255,253,255,255,255,255,255,254,253,251,213,197,186,179,179,197,225,253,252,253,255,255,255,252,251,196,75,87,134,146,144,121,92,184,248,252,255,255,255,254,239,75,160,223,249,253,250,238,150,60,156,254,254,255,255,253,190,35,242,255,253,253,255,251,252,123,66,240,254,255,255,253,181,50,254,255,255,254,252,254,254,245,78,158,253,255,255,254,186,45,251,254,253,253,254,252,253,254,203,176,252,255,255,255,190,38,255,255,255,255,253,254,254,250,210,135,251,255,255,254,236,67,248,251,253,252,255,253,253,254,195,117,253,255,255,254,239,55,233,253,251,254,255,250,253,251,104,136,254,255,255,255,252,68,144,250,252,254,252,252,248,192,69,217,254,255,255,255,252,194,33,212,250,254,253,248,113,37,153,252,254,255,255,254,251,246,79,55,134,210,181,42,77,156,253,247,254,255,255,254,250,251,244,173,130,130,140,163,228,251,254,252,253,255,255,254,253,254,247,254,250,247,251,253,251,255,253,254,254,255,255,255,255,255,255,255,255,255,255,255,255,255,255,255,255,255
7,255,253,248,253,254,247,255,253,252,249,251,252,250,255,255,255,255,255,254,253,255,249,251,233,212,194,140,245,249,255,255,255,255,255,253,251,248,151,165,173,125,33,100,253,253,255,255,255,255,254,250,189,216,152,165,206,181,44,235,252,249,255,255,255,255,255,252,231,243,253,254,250,127,150,248,254,252,255,255,255,255,255,254,251,252,253,247,220,84,210,255,250,254,255,255,255,255,254,253,254,253,253,253,169,68,219,254,255,254,255,255,255,255,255,254,253,254,255,252,161,78,227,251,253,255,255,255,255,255,254,253,255,253,255,248,155,116,239,254,252,255,255,255,255,255,255,253,250,253,255,248,146,149,250,255,254,253,255,255,255,255,255,255,255,252,235,237,115,160,252,249,255,255,255,255,255,255,255,254,254,255,253,204,23,129,244,255,254,255,255,255,255,255,255,254,254,254,249,202,25,83,225,255,251,255,255,255,255,255,255,255,254,254,250,228,144,216,248,255,254,255,255,255,255,255,254,251,253,255,254,249,247,251,252,255,254,255,255,255,255,255,255,255,255,255,255,255,255,255,255,255,255,255,255,255,255
0,255,255,255,255,255,255,255,255,255,255,255,255,255,255,255,255,255,255,253,190,133,153,141,140,143,171,215,250,254,251,254,255,255,253,242,83,221,243,242,237,212,151,65,61,216,252,254,255,255,254,103,144,250,253,252,254,253,252,251,194,110,242,254,255,255,236,21,215,254,253,254,249,142,100,191,250,241,252,254,255,255,247,150,251,254,253,255,253,247,218,121,83,215,251,255,255,255,214,130,255,255,255,253,255,255,254,247,175,114,250,254,255,255,231,178,252,251,253,254,253,255,254,254,227,108,252,255,255,255,254,202,203,251,252,254,255,253,255,253,231,88,252,255,255,255,252,219,91,241,253,254,255,255,254,254,227,118,254,254,255,255,254,253,140,171,253,254,254,255,252,253,202,132,249,255,255,255,254,251,226,76,238,254,254,254,252,236,109,180,252,255,255,255,254,254,252,148,89,226,244,230,134,127,152,246,254,255,255,255,255,255,251,251,180,73,48,26,160,246,255,254,254,255,255,255,255,255,255,253,254,237,229,246,253,254,253,254,255,255,255,255,255,255,255,255,255,255,255,255,255,255,255,255,255,255,255
5,255,255,255,255,255,255,255,253,253,251,250,251,253,254,255,255,255,255,254,255,254,254,253,254,239,198,147,205,252,254,255,255,255,255,253,255,250,216,163,151,117,41,94,175,252,253,255,255,255,255,253,252,253,187,124,175,182,197,236,251,253,253,255,255,255,255,255,255,247,245,238,240,254,251,246,254,252,254,255,255,255,255,253,251,237,122,187,212,245,252,253,252,255,254,255,255,255,255,254,250,238,68,99,101,172,247,253,251,255,254,255,255,255,254,253,254,241,176,228,213,97,157,250,253,253,254,255,255,255,255,254,251,254,243,248,254,223,119,221,253,255,255,255,255,255,255,253,253,251,252,254,250,250,180,158,249,253,254,255,255,255,255,252,252,251,252,250,249,249,230,125,213,250,252,255,255,255,254,241,119,104,212,236,242,239,246,138,137,248,255,255,255,255,253,243,203,165,164,169,116,119,155,141,112,247,251,255,255,255,254,250,253,254,250,252,251,227,178,182,234,249,255,255,255,255,254,252,254,254,252,254,254,251,251,254,255,254,255,255,255,255,255,255,255,255,255,255,255,255,255,255,255,255,255,255,255
8,255,255,255,255,253,253,252,253,254,254,254,254,255,255,255,255,255,255,255,255,253,222,100,115,188,248,247,254,255,255,255,255,255,255,255,255,108,249,250,250,252,250,251,254,255,255,255,255,255,255,255,255,187,253,253,254,254,255,248,244,255,255,255,255,255,255,255,255,79,252,253,246,250,26,250,254,255,255,255,255,255,255,255,255,242,141,247,250,98,255,253,254,255,255,255,255,255,255,255,255,254,184,238,77,247,253,254,254,255,255,255,255,255,255,255,255,251,250,86,236,250,253,254,254,255,255,255,255,255,255,255,255,253,253,247,65,250,253,254,254,255,255,255,255,255,255,255,255,254,251,252,246,111,248,254,253,255,255,255,255,255,255,255,255,255,253,248,252,240,244,253,254,255,255,255,255,255,255,255,255,254,252,248,38,249,67,242,254,255,255,255,255,255,255,255,255,254,253,251,196,250,254,197,253,255,255,255,255,255,255,255,255,254,254,254,251,64,249,51,252,255,255,255,255,255,255,255,255,254,254,254,252,253,82,144,253,255,255,255,255,255,255,255,255,255,255,255,255,255,255,255,255,255,255,255,255
6,255,255,255,255,255,250,254,252,254,253,254,253,255,255,255,255,255,255,255,254,255,252,167,139,173,253,255,255,255,255,255,255,255,255,255,251,255,223,178,94,92,253,254,255,255,255,255,255,255,254,254,252,238,77,144,234,185,249,254,255,255,255,255,255,255,255,251,253,113,103,248,249,250,251,254,255,255,255,255,255,255,254,255,217,75,241,251,254,253,255,254,255,255,255,255,255,255,254,253,175,172,253,255,255,254,253,251,255,255,255,255,255,255,254,250,99,225,254,253,252,252,240,240,252,254,255,255,255,255,254,253,88,235,250,250,185,111,100,89,202,248,251,255,255,255,255,249,101,230,226,99,107,218,236,165,80,202,248,255,255,255,254,254,88,225,134,214,248,254,253,239,85,237,251,255,255,255,255,244,110,59,234,246,251,254,238,120,169,249,249,255,255,255,255,253,221,63,130,228,250,166,123,160,248,252,255,255,255,255,253,255,252,241,111,66,67,98,237,249,253,255,255,255,255,255,255,255,249,254,251,240,215,251,251,249,254,255,255,255,255,255,255,255,255,255,255,255,255,255,255,255,255,255,255,255,255
1,255,255,255,255,255,255,254,254,248,253,255,255,255,255,255,255,255,255,255,255,255,255,255,249,173,247,255,255,255,255,255,255,255,255,255,255,255,255,254,252,177,254,255,255,255,255,255,255,255,255,255,255,255,255,252,251,166,245,255,255,255,255,255,255,255,255,255,255,255,255,254,237,202,253,255,255,255,255,255,255,255,255,255,255,255,255,254,213,128,243,255,255,255,255,255,255,255,255,255,255,255,255,245,38,95,254,255,255,255,255,255,255,255,255,255,255,255,253,19,253,61,236,255,255,255,255,255,255,255,255,255,255,255,255,254,252,100,227,255,255,255,255,255,255,255,255,255,255,255,255,254,254,189,208,255,255,255,255,255,255,255,255,255,255,255,255,254,254,255,106,255,255,255,255,255,255,255,255,255,255,255,255,254,254,246,149,255,255,255,255,255,255,255,255,255,255,255,255,254,254,250,106,255,255,255,255,255,255,255,255,255,255,255,255,254,254,253,137,255,255,255,255,255,255,255,255,255,255,255,255,254,254,250,124,255,255,255,255,255,255,255,255,255,255,255,255,255,255,255,255,255,255,255,255,255,255
1,255,255,254,255,255,255,251,252,255,251,242,254,255,251,253,255,255,255,255,252,254,254,253,253,249,212,225,247,254,253,255,255,255,255,254,250,254,253,253,248,234,67,157,253,252,254,254,255,255,255,255,252,254,251,253,248,128,67,87,242,252,252,255,255,255,255,255,253,251,255,251,154,49,217,94,235,253,253,255,255,255,255,254,253,254,253,211,76,211,239,81,186,252,252,254,255,255,255,254,255,255,221,85,154,247,249,95,159,249,254,255,255,255,255,254,255,237,153,134,242,253,249,83,104,247,251,255,255,255,255,255,254,240,50,184,250,248,254,88,7,250,254,255,255,255,254,251,243,163,208,250,253,250,249,119,15,252,252,255,255,255,254,239,165,158,247,251,255,253,249,182,20,254,253,254,255,255,255,254,239,248,241,252,255,253,246,219,26,250,249,255,255,255,255,255,252,255,253,254,253,255,251,238,31,144,253,255,255,255,255,255,255,255,255,255,255,255,251,250,99,142,252,255,255,255,255,255,255,255,255,255,255,255,253,254,237,245,254,255,255,255,255,255,255,255,255,255,255,255,255,255,255,255,255,255,255
2,255,255,255,251,254,253,247,248,238,248,253,255,255,255,255,255,255,254,252,250,253,254,196,135,161,252,254,254,255,255,255,255,255,254,245,255,230,73,118,217,115,204,252,254,255,255,255,255,255,254,255,254,226,215,251,247,193,188,253,255,255,255,255,255,255,255,250,254,255,254,247,248,165,224,253,247,255,255,255,255,255,254,254,252,254,253,246,207,127,251,253,254,255,255,255,255,255,254,255,252,255,252,239,87,230,251,252,253,255,255,255,255,255,255,255,255,252,253,160,185,246,250,253,253,255,255,255,255,255,255,255,251,253,199,98,244,251,250,254,253,255,252,255,255,255,255,253,254,215,123,234,250,251,255,255,251,251,253,254,255,255,254,249,212,81,217,245,253,252,254,252,254,251,255,253,255,255,255,215,68,165,240,248,248,254,255,253,250,254,250,255,255,255,254,202,106,115,72,95,151,159,187,206,175,161,247,252,255,255,255,248,248,251,230,228,192,180,48,68,176,234,239,255,255,255,254,252,251,253,252,247,245,253,254,252,252,249,250,253,255,255,255,255,255,255,255,255,255,255,255,255,255,255,255,255,255
9,255,255,255,255,255,255,253,250,250,249,253,253,254,255,255,255,255,255,255,254,254,255,200,123,129,139,223,252,254,255,255,255,255,255,255,248,253,167,37,157,202,108,87,246,252,255,255,255,255,255,255,254,221,61,208,245,250,248,102,149,252,255,255,255,255,255,255,253,197,98,249,253,253,244,152,121,254,255,255,255,255,255,255,254,229,46,241,249,248,174,44,49,254,254,255,255,255,255,255,254,251,110,104,211,130,50,159,31,241,250,255,255,255,255,255,254,249,240,89,59,121,231,238,43,173,251,255,255,255,255,255,253,255,254,255,254,251,251,244,41,165,254,255,255,255,255,255,254,255,253,255,254,254,254,242,47,215,251,255,255,255,255,253,236,243,252,251,252,249,247,164,58,250,252,255,255,255,255,253,134,93,247,248,254,247,233,48,197,251,254,255,255,255,255,253,213,53,85,157,156,88,24,146,246,255,255,255,255,255,255,253,250,238,159,90,58,125,231,249,253,255,255,255,255,255,255,255,253,255,253,254,254,254,255,252,255,252,255,255,255,255,255,255,255,255,255,255,255,255,255,255,255,255,255,255,255
1,255,255,254,254,254,254,254,254,254,251,252,254,254,254,255,255,255,255,253,253,254,254,254,254,250,118,253,254,254,254,255,255,255,255,255,254,254,254,254,255,252,82,253,254,254,254,255,255,255,255,254,254,254,254,248,253,108,253,251,254,254,254,255,255,255,255,255,254,254,251,252,61,243,225,243,245,253,254,255,255,255,255,254,252,235,86,241,250,253,254,13,252,254,254,255,255,255,255,254,255,249,252,253,253,255,253,68,251,253,254,255,255,255,255,254,253,250,254,253,253,254,251,58,254,253,254,255,255,255,255,253,253,254,254,253,253,254,253,251,248,253,255,255,255,255,255,253,253,254,254,253,253,254,254,249,26,253,254,255,255,255,255,254,254,253,253,254,254,254,254,251,51,247,255,255,255,255,255,254,254,254,254,253,254,254,254,253,247,245,251,255,255,255,255,254,254,254,254,253,253,254,254,253,255,23,252,255,255,255,255,254,254,253,254,254,254,254,254,253,248,242,252,255,255,255,255,254,254,254,254,253,253,254,253,253,251,253,43,255,255,255,255,255,255,255,255,255,255,255,255,255,255,255,255,255,255
0,255,255,255,255,248,253,251,254,237,253,253,254,255,255,255,255,255,255,255,255,244,70,115,34,251,252,252,254,255,255,255,255,255,255,255,255,247,204,250,242,182,98,252,254,255,255,255,255,255,255,255,255,196,251,251,251,252,221,252,251,255,255,255,255,255,255,255,255,170,250,253,253,253,248,65,246,255,255,255,255,255,255,255,255,179,252,253,254,254,253,161,237,255,255,255,255,255,255,255,255,180,246,252,254,254,253,245,249,255,255,255,255,255,255,255,255,221,250,253,253,253,253,249,239,255,255,255,255,255,255,255,255,247,249,253,253,253,253,252,238,255,255,255,255,255,255,255,255,252,245,253,254,254,253,245,241,255,255,255,255,255,255,255,255,253,116,252,254,254,253,243,240,255,255,255,255,255,255,255,255,250,121,250,253,253,254,166,247,255,255,255,255,255,255,255,255,250,189,245,252,253,248,63,249,255,255,255,255,255,255,255,255,247,251,40,250,251,251,110,244,255,255,255,255,255,255,255,255,251,254,243,66,83,52,253,252,255,255,255,255,255,255,255,255,255,255,255,255,255,255,255,255,255,255,255,255
7,255,253,254,250,251,253,253,255,255,252,253,249,251,255,255,255,255,252,173,240,252,254,254,255,253,252,251,189,228,255,255,255,255,253,164,129,176,230,233,211,166,133,77,94,229,255,255,255,255,253,248,198,125,131,133,119,100,136,36,140,249,255,255,255,255,255,251,250,248,253,249,251,245,202,25,243,248,255,255,255,255,255,255,253,255,255,252,255,255,134,193,254,255,255,255,255,255,254,255,253,254,254,253,254,216,121,248,251,255,253,254,255,255,255,251,254,252,255,250,252,126,184,248,252,248,250,255,255,255,255,255,252,252,241,236,191,116,189,126,129,118,181,245,255,255,255,254,254,188,159,129,99,178,200,208,242,252,251,255,255,255,255,255,255,244,253,185,157,242,253,251,254,252,255,254,255,255,255,253,253,250,249,141,226,255,252,253,254,255,255,255,255,255,255,254,251,252,203,147,251,255,255,255,255,255,255,255,255,255,255,255,251,233,96,230,255,255,255,255,255,255,255,255,255,255,254,254,253,222,206,250,255,255,255,255,255,255,255,255,255,255,255,255,255,255,255,255,255,255,255,255,255,255,255,255,255
4,255,255,255,255,255,255,255,255,255,255,255,255,255,255,255,255,255,255,255,252,255,218,147,255,255,255,253,255,255,255,255,255,255,255,255,253,251,126,146,254,255,254,253,255,255,255,255,255,255,255,255,251,248,159,243,253,231,249,253,254,255,255,255,255,255,255,255,253,245,68,227,245,94,252,250,255,255,255,255,255,255,255,254,249,199,95,251,204,114,247,254,253,255,255,255,255,255,255,255,247,146,145,245,189,133,253,247,254,255,255,255,255,255,255,254,252,57,228,254,158,126,140,37,99,255,255,255,255,255,255,252,227,61,197,100,46,94,159,145,232,255,255,255,255,255,255,254,130,64,69,115,38,198,252,251,254,255,255,255,255,255,255,254,238,238,250,249,62,228,248,253,254,255,255,255,255,255,255,255,254,254,250,254,70,241,249,252,255,255,255,255,255,255,255,254,255,253,254,250,74,251,252,252,255,255,255,255,255,255,255,255,255,253,252,252,45,189,253,255,250,255,255,255,255,255,255,255,255,253,250,250,202,241,253,254,252,255,255,255,255,255,255,255,255,255,255,255,255,255,255,255,255,255,255,255,255
5,255,253,253,250,247,253,248,252,251,252,254,253,251,252,253,255,255,248,253,48,68,59,79,36,57,116,63,65,43,236,254,255,255,245,66,63,60,59,70,66,60,61,63,64,62,72,246,255,255,244,71,60,58,68,73,68,79,67,66,63,61,84,253,255,255,249,63,63,62,71,37,248,246,250,245,174,160,248,252,255,255,251,249,86,75,68,67,86,247,251,250,253,253,253,253,255,255,252,250,253,72,77,69,69,68,80,66,252,251,253,254,255,255,252,252,252,255,243,69,75,66,73,70,63,242,253,253,255,255,253,254,249,254,251,253,255,59,87,65,67,88,240,254,255,255,251,196,83,56,252,251,251,253,249,74,73,72,80,240,255,255,253,83,74,61,248,252,253,252,254,242,72,67,68,238,255,255,249,86,68,76,184,252,251,251,250,245,80,62,76,160,255,255,250,83,79,72,74,58,187,245,238,54,73,71,70,250,255,255,253,245,69,83,81,72,79,68,81,64,72,85,248,253,255,255,253,253,251,251,58,89,79,85,86,72,117,251,254,254,255,255,255,255,255,255,255,255,255,255,255,255,255,255,255,255,255
2,255,255,255,255,252,240,247,254,251,255,248,252,255,255,255,255,255,255,255,252,253,253,93,80,138,253,252,255,255,255,255,255,255,255,255,251,224,56,178,197,139,73,248,252,255,255,255,255,255,255,255,208,51,238,251,251,254,165,238,251,255,255,255,255,255,255,255,176,106,253,255,254,254,204,127,255,255,255,255,255,255,255,255,255,255,248,254,251,254,206,191,252,255,255,255,255,255,255,255,255,252,254,255,254,255,124,250,250,255,255,255,255,255,255,255,255,254,251,254,253,236,66,254,253,255,255,255,255,255,255,255,254,254,255,252,247,134,164,254,254,255,255,255,255,255,255,255,254,252,255,254,231,91,250,254,255,255,255,255,255,255,255,255,254,249,255,255,88,222,248,255,255,255,255,255,255,255,255,255,253,250,247,156,134,254,253,254,253,255,255,255,255,255,255,255,251,253,244,78,230,247,253,253,253,253,254,255,255,255,255,255,250,146,67,115,91,82,77,106,104,200,250,255,255,255,255,255,252,252,255,251,254,254,252,255,253,254,255,255,255,255,255,255,255,255,255,255,255,255,255,255,255,255,255,255,255
1,255,255,255,255,255,255,255,254,252,255,255,255,255,255,255,255,255,255,255,255,255,255,255,85,254,255,255,255,255,255,255,255,255,255,255,255,255,255,255,67,252,255,255,255,255,255,255,255,255,255,255,255,255,255,255,141,251,255,255,255,255,255,255,255,255,255,255,255,255,255,255,248,247,255,255,255,255,255,255,255,255,255,255,255,255,255,255,252,250,255,255,255,255,255,255,255,255,255,255,255,255,255,255,250,252,255,255,255,255,255,255,255,255,255,255,255,255,255,255,246,250,255,255,255,255,255,255,255,255,255,255,255,255,255,255,251,252,255,255,255,255,255,255,255,255,255,255,255,255,255,255,249,249,255,255,255,255,255,255,255,255,255,255,255,255,255,255,252,251,255,255,255,255,255,255,255,255,255,255,255,255,255,255,249,227,255,255,255,255,255,255,255,255,255,255,255,255,255,255,252,204,255,255,255,255,255,255,255,255,255,255,255,255,255,255,251,195,255,255,255,255,255,255,255,255,255,255,255,255,255,255,251,166,255,255,255,255,255,255,255,255,255,255,255,255,255,255,255,255,255,255,255,255,255,255,255
8,255,255,255,255,253,251,255,255,249,255,251,247,254,255,255,255,255,255,255,255,252,255,243,204,194,154,175,227,253,255,255,255,255,255,255,254,253,255,170,145,223,205,174,120,246,255,255,255,255,255,255,254,254,205,136,241,247,252,235,151,235,255,255,255,255,255,255,252,239,118,216,249,251,237,124,153,247,255,255,255,255,255,255,254,225,55,214,243,194,94,170,246,253,255,255,255,255,255,255,252,242,100,92,76,94,217,247,251,253,255,255,255,255,255,255,252,208,33,92,58,160,250,254,254,252,255,255,255,255,255,255,241,85,176,243,192,87,200,253,252,254,255,255,255,255,255,255,230,90,222,254,249,204,122,228,249,253,255,255,255,255,255,255,236,96,183,251,254,250,161,67,242,254,255,255,255,255,255,255,253,194,93,192,248,247,227,82,226,252,255,255,255,255,255,255,253,248,210,116,131,218,138,177,251,253,255,255,255,255,255,255,255,253,252,229,143,122,185,254,253,254,255,255,255,255,255,255,255,255,255,254,251,251,253,253,255,255,255,255,255,255,255,255,255,255,255,255,255,255,255,255,255,255,255,255,255
5,255,255,255,254,252,244,253,243,252,253,254,254,254,255,255,255,255,255,255,253,117,103,246,207,252,253,254,254,254,255,255,255,255,255,255,101,249,252,251,252,254,254,253,254,254,255,255,255,255,255,255,182,251,253,253,253,253,254,254,254,253,255,255,255,255,255,255,246,51,251,252,253,253,253,254,253,254,255,255,255,255,255,255,253,247,42,253,253,254,254,254,254,253,255,255,255,255,255,255,253,252,251,66,250,250,254,254,254,254,255,255,255,255,255,255,253,254,254,252,238,50,251,253,254,254,255,255,255,255,255,255,253,253,253,253,253,249,53,143,246,252,255,255,255,255,255,255,254,254,253,253,254,254,252,253,245,135,255,255,255,255,255,255,254,251,252,252,254,254,253,253,254,125,255,255,255,255,255,255,247,39,245,252,254,254,254,253,249,155,255,255,255,255,255,255,162,245,252,253,254,254,254,254,87,246,255,255,255,255,255,255,215,249,252,254,253,252,252,132,248,253,255,255,255,255,255,255,253,128,174,249,247,144,226,254,253,253,255,255,255,255,255,255,255,255,255,255,255,255,255,255,255,255,255,255,255
8,255,255,255,255,248,255,255,251,255,253,255,255,255,255,255,255,255,255,255,251,255,255,111,71,87,250,255,255,255,255,255,255,255,255,255,253,255,255,218,253,248,234,244,255,255,255,255,255,255,255,255,253,255,232,243,253,255,246,153,255,255,255,255,255,255,255,255,253,255,189,255,246,253,251,71,255,255,255,255,255,255,255,255,255,250,246,203,251,250,148,246,255,255,255,255,255,255,255,255,251,251,253,77,255,216,91,255,250,251,255,255,255,255,255,255,250,255,255,112,57,216,248,255,194,235,255,255,255,255,255,251,253,255,189,114,21,52,193,246,255,251,255,255,255,255,255,255,251,255,91,118,91,244,250,248,255,255,255,255,255,255,255,255,86,173,253,246,246,91,255,253,251,253,255,255,255,255,255,180,225,244,255,255,255,96,250,255,255,253,255,255,255,255,255,251,66,209,250,255,251,207,253,251,255,255,255,255,255,255,255,255,250,193,59,202,251,75,251,248,255,255,255,255,255,255,255,255,255,251,250,251,219,255,255,255,255,255,255,255,255,255,255,255,255,255,255,255,255,255,255,255,255,255,255,255,255
4,255,255,255,255,255,255,255,255,253,252,255,255,255,255,255,255,255,255,255,255,251,250,50,254,252,255,255,255,255,255,255,255,255,255,255,255,254,251,49,254,250,255,255,255,255,255,255,255,255,255,255,255,253,250,58,250,253,253,254,255,255,255,255,255,255,255,255,255,255,241,66,255,253,255,255,255,255,255,255,255,255,255,255,255,255,197,90,255,253,254,254,255,255,255,255,255,255,255,255,255,254,180,191,254,158,201,252,255,255,255,255,255,255,255,255,255,255,173,239,240,40,230,252,255,255,255,255,255,255,255,255,255,252,155,107,22,29,242,254,255,255,255,255,255,255,255,255,255,255,185,201,244,33,253,254,255,255,255,255,255,255,255,255,255,251,253,254,236,143,250,255,255,255,255,255,255,255,255,255,255,255,254,255,238,223,252,254,255,255,255,255,255,255,255,255,255,255,255,255,238,142,255,254,255,255,255,255,255,255,255,255,255,255,255,255,238,60,254,255,255,255,255,255,255,255,255,255,255,255,255,255,253,253,254,255,255,255,255,255,255,255,255,255,255,255,255,255,255,255,255,255,255,255,255,255,255
2,255,255,255,255,255,255,255,255,255,255,255,255,255,255,255,255,253,255,255,253,255,255,255,255,255,255,255,255,255,255,255,255,243,254,247,239,221,227,255,250,251,254,255,255,255,255,255,255,255,245,108,7,67,77,22,247,253,250,255,255,255,255,255,255,254,219,218,253,247,250,36,239,247,255,253,253,255,255,255,255,253,251,253,254,250,247,26,239,250,255,253,253,255,255,255,255,255,255,255,253,250,205,58,246,251,248,255,255,255,255,255,255,255,250,251,255,238,85,234,253,253,255,255,255,253,255,255,255,255,253,253,255,166,143,254,252,252,250,255,254,253,255,253,255,255,243,245,228,69,224,255,247,252,255,252,255,248,245,245,255,245,251,186,26,198,190,173,168,165,162,202,189,194,165,249,255,254,187,51,49,112,165,176,171,174,170,206,220,237,249,251,255,245,243,240,250,255,252,250,252,255,255,253,249,255,252,254,255,255,252,255,252,248,252,255,253,253,255,254,254,254,254,254,255,255,255,255,255,255,255,255,255,255,255,255,255,255,255,255,255,255,255,255,255,255,255,255,255,255,255,255,255,255,255,255,255
5,255,255,255,255,255,252,254,254,254,252,255,255,255,255,255,255,255,255,255,255,255,143,92,117,130,131,205,255,255,255,255,255,255,255,255,255,255,109,247,255,251,239,255,255,255,255,255,255,255,255,255,255,255,65,251,250,254,239,254,255,255,255,255,255,255,255,255,255,255,69,247,254,254,254,254,255,255,255,255,255,255,255,255,255,255,90,248,254,254,254,254,255,255,255,255,255,255,255,255,255,255,93,67,250,252,254,254,255,255,255,255,255,255,255,255,255,255,55,225,143,72,254,254,255,255,255,255,255,255,255,255,255,255,254,244,248,165,88,252,255,255,255,255,255,255,255,255,255,255,252,254,254,255,105,254,255,255,255,255,255,255,255,255,255,255,252,254,243,250,74,254,255,255,255,255,255,255,255,255,255,255,254,254,248,255,80,254,255,255,255,255,255,255,255,255,255,255,247,254,254,233,116,239,255,255,255,255,255,255,255,255,255,255,255,166,250,78,248,246,255,255,255,255,255,255,255,255,255,255,248,236,85,124,254,254,255,255,255,255,255,255,255,255,255,255,255,255,255,255,255,255,255,255,255,255,255
5,255,255,255,255,255,255,255,255,255,255,255,255,255,255,255,255,252,252,249,250,245,251,252,230,248,233,225,228,234,253,249,255,248,181,179,165,125,65,47,44,42,56,72,73,73,44,90,255,248,168,107,250,233,236,249,253,248,251,250,249,253,241,239,255,246,146,233,250,255,254,252,251,252,252,252,252,251,254,254,255,252,157,124,254,250,251,252,252,252,249,253,252,252,254,253,255,253,250,116,60,252,253,252,253,251,253,254,254,254,252,253,255,254,255,246,139,50,93,253,251,251,252,254,254,254,253,254,255,254,252,250,253,254,200,71,93,246,251,253,255,254,254,254,255,254,254,253,244,255,253,246,108,60,211,250,251,251,254,254,255,251,250,172,251,249,253,247,247,202,74,243,248,252,254,254,255,254,120,168,254,244,252,249,246,243,91,252,255,253,254,254,255,254,63,239,250,254,251,227,112,71,223,252,253,254,255,251,255,254,80,75,85,77,101,116,199,252,253,254,254,254,253,254,255,249,251,226,213,230,254,253,253,253,254,254,254,254,253,254,255,255,255,255,255,255,255,255,255,255,255,255,255,255,255,255,255
5,255,255,255,255,253,251,251,249,253,249,255,255,255,255,255,255,255,255,254,254,249,250,191,157,137,251,255,255,255,255,255,255,255,255,254,246,122,100,126,200,143,251,247,255,255,255,255,255,255,255,254,253,133,252,252,252,244,251,255,254,255,255,255,255,255,255,255,250,105,251,253,251,254,253,253,255,255,255,255,255,255,255,255,255,110,253,250,253,249,254,255,255,255,255,255,255,255,255,254,247,137,215,163,148,140,191,253,254,255,255,255,255,255,255,254,254,185,108,165,215,214,70,220,255,255,255,255,255,255,255,255,254,251,254,251,255,248,178,36,251,255,255,255,255,255,255,254,251,250,253,255,253,250,179,44,251,255,255,255,255,255,255,254,253,251,255,250,255,250,132,194,250,255,255,255,255,255,255,255,188,76,250,253,254,191,97,253,252,255,255,255,255,255,255,254,252,38,185,249,232,106,227,249,254,255,255,255,255,255,255,255,254,214,47,95,109,226,255,254,255,255,255,255,255,255,255,255,253,253,253,231,244,252,255,253,254,255,255,255,255,255,255,255,255,255,255,255,255,255,255,255,255,255,255,255,255
0,255,255,254,255,255,255,253,252,248,247,250,255,255,255,255,255,255,255,255,255,255,252,232,91,88,121,191,255,255,255,255,255,255,255,254,255,249,201,60,101,251,234,109,202,244,254,255,255,255,255,254,255,251,94,241,248,246,251,252,87,251,252,255,255,255,255,253,252,105,224,229,253,255,252,253,179,201,252,255,255,255,255,253,181,163,249,252,253,251,253,252,225,74,254,255,255,255,255,247,43,242,255,255,254,252,255,254,251,58,252,255,255,255,255,231,85,254,255,255,254,253,254,255,254,57,249,255,255,255,255,215,190,253,236,252,252,255,254,253,245,49,253,255,255,255,255,238,19,254,246,255,251,254,255,251,199,166,250,255,255,255,255,242,30,242,251,254,254,253,251,245,146,234,253,255,255,255,255,252,153,153,253,252,254,251,245,184,123,250,255,255,255,255,255,253,247,95,120,251,250,252,226,99,237,251,255,255,255,255,255,253,255,252,187,175,97,142,183,244,251,254,255,255,255,255,255,254,250,255,252,249,247,251,253,250,253,255,255,255,255,255,255,255,255,255,255,255,255,255,255,255,255,255,255,255,255
4,255,255,255,255,255,254,254,254,254,254,254,255,255,255,255,255,255,255,255,255,255,72,252,253,253,254,254,255,255,255,255,255,255,255,255,255,255,251,255,254,254,254,253,255,255,255,255,255,255,255,255,255,255,248,254,254,254,253,254,255,255,255,255,255,255,255,255,255,255,158,252,253,253,251,253,255,255,255,255,255,255,255,255,255,255,64,252,247,253,50,249,255,255,255,255,255,255,255,255,255,255,69,246,253,243,246,254,255,255,255,255,255,255,255,255,255,255,248,252,244,252,249,254,255,255,255,255,255,255,255,255,255,255,252,230,249,251,235,255,255,255,255,255,255,255,255,255,255,255,254,254,254,253,151,249,255,255,255,255,255,255,255,255,255,255,253,253,254,253,127,253,255,255,255,255,255,255,255,255,255,255,254,254,254,252,54,252,255,255,255,255,255,255,255,255,255,255,254,254,254,252,212,253,255,255,255,255,255,255,255,255,255,255,254,254,254,253,226,253,255,255,255,255,255,255,255,255,255,255,254,254,254,250,207,250,255,255,255,255,255,255,255,255,255,255,255,255,255,255,255,255,255,255,255,255,255
3,255,255,251,255,250,253,248,251,255,251,252,255,255,255,255,255,255,255,255,254,250,209,118,123,251,254,254,255,255,255,255,255,255,255,255,254,154,41,124,85,143,250,253,254,255,255,255,255,255,255,255,255,109,247,253,174,95,255,254,254,255,255,255,255,255,255,254,253,247,247,236,69,236,254,251,253,255,255,255,255,255,255,255,252,249,207,29,118,158,195,249,253,255,255,255,255,255,255,254,255,251,11,59,222,195,13,122,251,251,254,255,255,255,255,254,254,252,238,254,244,251,249,170,118,251,255,255,255,255,255,255,252,255,251,250,255,253,254,253,108,226,255,255,255,255,255,254,255,255,252,251,255,253,255,255,173,166,253,255,255,255,255,250,248,253,252,255,254,252,253,253,159,204,255,255,255,255,255,252,84,207,251,253,254,253,248,203,60,250,255,255,255,255,255,248,253,14,192,249,249,250,129,23,232,255,255,255,255,255,255,254,254,221,155,7,52,69,174,236,252,255,255,255,255,255,255,255,254,255,250,251,246,252,254,253,252,255,255,255,255,255,255,255,255,255,255,255,255,255,255,255,255,255,255,255,255
6,255,255,254,254,255,255,255,250,248,255,255,255,255,255,255,255,255,255,253,252,253,254,195,90,90,201,249,254,255,255,255,255,255,255,255,252,244,98,164,173,233,165,134,254,255,255,255,255,255,255,255,244,118,244,252,252,253,255,83,240,255,255,255,255,255,252,255,133,216,255,254,254,255,252,170,227,255,255,255,255,255,251,216,76,253,253,251,253,255,251,33,236,255,255,255,255,255,252,132,230,253,255,254,254,253,253,235,241,255,255,255,255,255,251,156,255,254,253,254,255,253,253,248,254,255,255,255,255,255,252,148,253,255,254,255,254,255,253,255,253,253,255,253,255,255,253,144,254,254,249,253,252,253,253,244,243,245,253,255,255,255,255,137,250,253,253,255,251,193,70,155,177,97,128,245,255,255,250,210,152,250,249,238,122,212,249,254,253,252,154,234,255,255,255,255,153,183,211,166,245,255,255,253,252,167,144,251,255,255,255,254,251,180,84,207,224,206,178,172,136,194,252,254,255,255,255,255,253,252,238,240,201,207,235,250,249,250,254,251,255,255,255,255,255,255,255,255,255,255,255,255,255,255,255,255,255
1,255,255,255,255,255,255,255,255,255,255,255,255,255,255,255,255,255,255,255,254,255,255,254,254,254,254,233,162,253,255,255,255,255,255,255,255,248,254,254,254,254,235,70,52,252,255,255,255,255,255,255,252,255,255,254,251,252,150,146,43,248,255,255,255,255,255,255,255,252,254,251,252,113,79,232,49,249,255,255,255,255,255,255,253,254,253,254,214,121,233,188,49,251,255,255,255,255,255,255,254,254,249,241,125,231,251,163,59,251,255,255,255,255,255,254,252,252,227,116,222,250,254,126,164,252,255,255,255,255,253,251,249,176,71,206,248,255,251,132,238,255,255,255,255,255,254,251,235,100,215,250,252,252,238,114,252,254,255,255,255,255,253,250,167,222,253,254,254,254,233,117,254,254,255,255,255,255,253,252,253,251,252,249,255,253,233,109,248,255,255,255,255,255,255,255,254,255,254,255,255,255,233,109,251,254,255,255,255,255,255,255,255,255,255,255,255,254,255,135,237,252,255,255,255,255,255,255,255,255,255,255,255,255,251,255,251,255,255,255,255,255,255,255,255,255,255,255,255,255,255,255,255,255,255,255,255
8,255,255,255,255,254,254,253,254,249,253,253,253,255,255,255,255,255,255,255,255,254,254,251,59,246,252,247,125,255,255,255,255,255,255,255,255,254,253,224,254,254,254,248,250,255,255,255,255,255,255,255,255,254,253,103,251,253,252,243,253,255,255,255,255,255,255,255,255,254,254,145,243,253,250,190,253,255,255,255,255,255,255,255,255,254,254,253,40,253,68,253,253,255,255,255,255,255,255,255,255,254,254,255,251,244,252,254,254,255,255,255,255,255,255,255,255,254,254,253,249,104,246,252,254,255,255,255,255,255,255,255,255,254,253,247,25,246,249,254,253,255,255,255,255,255,255,255,255,253,244,47,252,254,247,253,254,255,255,255,255,255,255,255,255,253,53,254,253,253,240,253,253,255,255,255,255,255,255,255,255,251,250,253,252,254,178,254,253,255,255,255,255,255,255,255,255,185,252,253,253,252,251,254,254,255,255,255,255,255,255,255,255,202,253,252,253,253,252,253,254,255,255,255,255,255,255,255,255,246,105,250,250,222,252,254,254,255,255,255,255,255,255,255,255,255,255,255,255,255,255,255,255,255,255,255,255
0,255,255,255,252,255,254,250,255,255,254,255,255,255,255,255,255,255,255,255,254,255,252,243,105,207,250,254,252,255,255,255,255,255,255,255,254,251,253,101,123,24,182,250,254,255,255,255,255,255,255,255,254,254,128,141,250,62,38,224,251,255,255,255,255,255,255,255,255,252,91,249,253,239,174,138,255,255,255,255,255,255,255,255,254,254,179,253,254,249,225,122,252,255,255,255,255,255,255,255,251,120,181,252,254,255,251,77,252,255,255,255,255,255,255,255,249,98,185,252,254,254,254,148,253,255,255,255,255,255,255,255,254,107,181,253,250,255,253,174,253,255,255,255,255,255,255,255,255,208,180,255,255,252,251,164,255,255,255,255,255,255,255,255,253,249,152,252,254,254,251,107,250,255,255,255,255,255,255,255,253,255,56,247,254,254,240,91,255,255,255,255,255,255,255,255,254,251,115,97,242,241,79,214,247,255,255,255,255,255,255,255,252,253,251,161,131,133,182,251,254,255,255,255,255,255,255,255,254,252,253,252,250,252,255,252,255,255,255,255,255,255,255,255,255,255,255,255,255,255,255,255,255,255,255,255,255
7,255,255,255,251,252,252,251,250,249,252,252,251,251,255,255,255,255,255,255,253,251,251,251,252,253,251,90,248,251,255,255,255,255,255,255,252,250,250,253,246,114,122,247,251,252,255,255,255,255,255,255,252,229,181,79,214,247,225,252,252,250,255,255,255,255,255,255,251,247,249,252,248,188,249,251,254,252,255,255,255,255,255,255,250,250,252,252,252,97,252,250,251,252,255,255,255,255,255,255,251,251,253,249,245,197,246,182,75,164,255,255,255,255,255,255,253,251,252,252,193,82,219,251,251,250,255,255,255,255,255,255,247,254,248,101,91,250,250,251,251,251,255,255,255,255,255,255,251,251,220,249,113,251,251,251,248,250,255,255,255,255,255,255,246,191,252,224,248,252,251,251,252,252,255,255,255,255,255,255,127,243,251,80,252,251,251,251,251,252,255,255,255,255,255,255,231,249,250,171,250,250,251,251,251,251,255,255,255,255,255,255,191,250,108,247,250,251,251,250,249,251,255,255,255,255,255,255,182,248,222,253,250,252,250,251,251,250,255,255,255,255,255,255,255,255,255,255,255,255,255,255,255,255,255,255,255
5,255,255,255,255,255,255,255,255,251,251,251,251,249,255,255,255,255,255,253,255,253,255,253,255,251,255,255,226,243,255,255,255,255,255,255,255,253,253,251,249,253,23,0,253,255,255,255,255,255,255,255,238,205,23,29,31,243,240,255,255,255,255,255,255,255,255,249,27,255,253,255,255,247,243,255,255,255,255,255,255,255,255,253,29,243,255,253,255,255,255,255,255,255,255,255,255,255,255,247,27,255,249,255,255,255,255,255,255,255,255,255,255,255,255,255,23,255,255,255,255,253,255,255,255,253,255,255,255,255,255,251,81,68,17,27,2,222,247,255,255,255,255,255,255,255,255,255,33,253,253,253,255,245,66,245,253,255,255,255,255,255,255,255,41,251,247,255,255,255,203,238,255,255,255,255,255,255,255,255,253,255,253,255,253,238,247,168,255,255,255,255,255,255,255,240,255,243,253,255,255,249,205,255,253,253,255,255,255,255,255,245,15,249,253,255,249,255,8,249,251,255,255,255,255,255,255,253,255,255,249,255,253,253,253,251,255,255,255,255,255,255,255,255,255,255,255,255,255,255,255,255,255,255,255,255,255
3,255,255,255,254,254,254,254,252,254,254,254,254,254,255,255,255,255,255,255,254,254,254,249,242,251,93,251,254,254,255,255,255,255,255,255,254,253,254,48,251,253,251,133,253,253,255,255,255,255,255,255,254,254,252,245,253,254,253,251,30,254,255,255,255,255,255,255,253,255,251,254,252,252,254,253,64,254,255,255,255,255,255,255,253,254,253,248,253,254,254,254,239,253,255,255,255,255,255,255,254,254,254,254,253,253,254,252,77,254,255,255,255,255,255,255,254,254,254,253,249,51,88,111,253,251,255,255,255,255,255,255,254,253,253,254,252,249,251,246,20,254,255,255,255,255,255,255,252,249,253,253,253,254,254,254,248,243,255,255,255,255,255,255,80,111,254,254,253,253,254,254,252,67,255,255,255,255,255,255,212,252,254,254,253,253,254,255,253,222,255,255,255,255,255,255,185,252,254,253,254,254,253,254,253,188,255,255,255,255,255,255,54,247,253,254,254,254,253,254,237,239,255,255,255,255,255,255,186,174,190,128,101,83,155,93,239,250,255,255,255,255,255,255,255,255,255,255,255,255,255,255,255,255,255,255,255
4,255,255,255,255,255,253,255,254,255,255,255,255,255,255,255,255,255,255,255,254,223,254,253,255,255,255,255,255,255,255,255,255,255,255,255,255,229,173,255,254,255,255,255,255,255,255,255,255,255,255,255,253,248,54,253,253,252,253,255,254,255,255,255,255,255,255,255,255,252,44,239,250,247,254,253,253,255,255,255,255,255,255,255,254,250,56,237,252,149,255,253,253,255,255,255,255,255,255,255,254,252,223,216,248,131,252,255,254,255,255,255,255,255,255,255,254,252,244,205,252,151,253,253,253,255,255,255,255,255,255,255,253,254,253,121,252,155,205,136,254,255,255,255,255,255,255,255,253,255,255,93,197,97,66,249,255,255,255,255,255,255,255,255,255,252,255,239,177,178,97,248,255,255,255,255,255,255,255,255,255,254,249,252,253,242,75,251,253,255,255,255,255,255,255,255,255,255,255,254,255,253,56,251,255,255,255,255,255,255,255,255,255,255,255,255,253,254,198,156,241,255,255,255,255,255,255,255,255,255,255,255,255,253,252,249,248,254,255,255,255,255,255,255,255,255,255,255,255,255,255,255,255,255,255,255,255
0,255,255,255,253,251,249,251,253,254,254,254,254,254,255,255,255,255,255,255,250,80,137,172,160,252,254,255,254,254,255,255,255,255,255,255,244,173,241,253,253,253,253,249,250,250,255,255,255,255,255,255,251,233,248,253,253,253,253,255,168,250,255,255,255,255,255,255,250,250,253,253,253,253,252,249,250,250,255,255,255,255,255,255,249,244,250,253,253,253,254,254,251,253,255,255,255,255,255,255,249,163,252,253,253,254,254,255,245,247,255,255,255,255,255,255,254,57,253,254,254,254,254,249,60,251,255,255,255,255,255,255,253,59,248,253,254,254,254,253,83,250,255,255,255,255,255,255,253,82,245,253,254,254,254,253,236,251,255,255,255,255,255,255,254,153,254,254,254,254,253,100,251,252,255,255,255,255,255,255,253,238,249,251,253,254,250,80,253,253,255,255,255,255,255,255,253,251,189,251,252,251,171,254,247,253,255,255,255,255,255,255,253,248,90,245,251,248,58,255,253,254,255,255,255,255,255,255,254,253,251,48,67,55,247,254,254,254,255,255,255,255,255,255,255,255,255,255,255,255,255,255,255,255,255,255,255
9,255,255,255,255,255,254,253,255,250,255,254,255,255,255,255,255,255,255,255,255,255,255,159,252,254,110,255,255,255,255,255,255,255,255,255,255,255,243,251,254,253,182,51,255,255,255,255,255,255,255,255,255,255,52,250,253,247,138,143,255,255,255,255,255,255,255,255,255,255,42,253,252,211,250,40,255,255,255,255,255,255,255,255,255,255,251,83,37,253,248,80,255,255,255,255,255,255,255,255,255,255,254,252,252,253,251,218,255,255,255,255,255,255,255,255,255,255,254,254,254,254,252,254,255,255,255,255,255,255,255,255,255,255,254,254,253,254,179,254,255,255,255,255,255,255,255,255,255,255,254,254,254,253,111,251,255,255,255,255,255,255,255,255,255,255,254,254,254,248,242,254,255,255,255,255,255,255,255,255,255,255,254,254,252,71,252,254,255,255,255,255,255,255,255,255,255,255,254,254,255,128,254,254,255,255,255,255,255,255,255,255,255,255,254,254,231,245,254,254,255,255,255,255,255,255,255,255,255,255,254,254,56,251,254,251,255,255,255,255,255,255,255,255,255,255,255,255,255,255,255,255,255,255,255,255,255
6,255,255,255,255,254,254,254,254,236,244,241,254,255,255,255,255,255,255,255,255,254,255,252,105,250,244,249,253,255,255,255,255,255,255,255,255,253,242,98,252,254,253,253,254,255,255,255,255,255,255,255,255,250,247,246,254,254,254,254,254,255,255,255,255,255,255,255,255,245,30,255,254,254,254,254,254,255,255,255,255,255,255,255,255,231,253,254,253,254,254,254,254,255,255,255,255,255,255,255,255,116,246,253,254,254,254,253,254,255,255,255,255,255,255,255,255,25,253,253,254,250,252,39,233,255,255,255,255,255,255,255,255,233,253,254,219,68,144,236,225,255,255,255,255,255,255,255,255,245,253,253,243,208,254,252,54,255,255,255,255,255,255,255,255,240,252,255,62,254,252,252,166,255,255,255,255,255,255,255,255,254,252,252,247,246,249,25,254,255,255,255,255,255,255,255,255,51,249,254,252,251,253,253,255,255,255,255,255,255,255,255,255,46,250,252,253,243,38,250,253,255,255,255,255,255,255,255,255,235,106,241,51,107,251,253,253,255,255,255,255,255,255,255,255,255,255,255,255,255,255,255,255,255,255,255,255
1,255,255,255,255,255,255,255,255,255,255,255,255,255,255,255,255,255,255,255,255,255,255,255,236,191,255,253,254,255,255,255,255,255,255,255,255,255,255,254,207,51,254,253,253,255,255,255,255,255,255,255,255,255,255,253,180,44,255,255,255,255,255,255,255,255,255,255,255,253,255,255,169,37,252,253,254,255,255,255,255,255,255,255,255,255,254,252,74,40,254,253,253,255,255,255,255,255,255,255,255,255,251,244,17,42,255,252,255,255,255,255,255,255,255,255,252,253,252,158,37,47,254,253,254,255,255,255,255,255,255,255,255,252,250,35,108,81,254,254,254,255,255,255,255,255,255,255,253,255,141,11,222,64,251,253,253,255,255,255,255,255,255,255,249,250,164,148,235,78,250,253,253,255,255,255,255,255,255,255,253,211,201,246,247,92,225,254,254,255,255,255,255,255,255,255,251,240,251,244,253,86,202,253,253,255,255,255,255,255,255,255,255,255,255,255,248,159,152,251,255,255,255,255,255,255,255,255,255,255,255,255,251,247,252,253,255,255,255,255,255,255,255,255,255,255,255,255,255,255,255,255,255,255,255,255,255
0,255,255,255,255,255,255,255,253,251,251,253,255,255,255,255,255,255,254,255,253,253,255,253,237,190,217,239,252,253,255,255,255,255,255,252,251,252,253,182,97,163,175,82,165,252,254,255,255,255,252,249,184,113,18,48,215,251,233,241,120,229,252,255,255,255,255,226,149,205,20,172,250,250,251,246,179,214,251,255,255,255,255,249,245,120,113,253,254,253,253,248,172,212,253,255,255,255,254,255,231,133,255,250,254,255,255,248,165,240,254,255,255,255,254,254,202,180,252,254,254,252,252,240,136,255,255,255,255,255,254,249,85,213,254,251,251,255,246,121,233,254,255,255,255,255,253,237,87,249,252,254,246,252,169,170,249,255,255,255,255,255,255,228,80,251,253,255,255,207,140,243,248,255,255,255,255,255,253,243,86,239,253,249,202,120,234,254,253,255,255,255,255,255,255,253,145,169,237,161,135,217,254,253,255,255,255,255,255,255,253,252,236,121,87,170,247,254,254,255,253,255,255,255,255,255,254,254,249,249,246,249,254,254,254,254,253,255,255,255,255,255,255,255,255,255,255,255,255,255,255,255,255,255,255,255,255
8,255,255,252,248,253,252,253,250,255,253,254,251,255,255,255,255,255,255,255,249,138,80,92,98,198,254,255,255,255,255,255,255,255,255,254,211,7,197,197,237,173,128,239,255,255,255,255,255,255,255,252,229,11,250,251,252,248,219,122,254,255,255,255,255,255,255,255,249,50,214,254,255,253,252,135,255,255,255,255,255,255,255,255,251,243,108,246,255,251,253,170,254,255,255,255,255,255,255,254,254,252,170,139,248,254,252,133,254,255,255,255,255,255,255,255,254,250,253,163,172,253,167,143,255,255,255,255,255,255,255,255,251,251,253,248,129,157,138,250,253,255,255,255,255,255,255,255,254,251,253,247,133,56,200,251,253,255,255,255,255,255,255,254,251,251,246,150,140,201,140,251,255,255,255,255,255,255,255,253,255,250,250,60,252,250,144,206,255,255,255,255,255,255,255,255,254,251,250,161,249,255,186,144,252,255,255,255,255,255,255,255,252,255,253,217,158,63,128,233,253,255,255,255,255,255,255,255,254,250,255,253,250,252,251,253,255,255,255,255,255,255,255,255,255,255,255,255,255,255,255,255,255,255,255,255,255
8,255,255,254,251,249,253,254,251,254,254,254,254,253,251,255,255,255,255,254,249,32,22,59,35,248,254,253,248,34,243,255,255,255,255,249,47,252,250,251,251,246,253,252,84,253,252,255,255,255,255,250,168,253,252,253,253,253,254,209,249,253,253,255,255,255,255,251,170,252,254,253,253,250,205,207,251,253,253,255,255,255,255,252,62,250,251,254,251,121,242,244,252,254,254,255,255,255,255,253,242,85,240,243,73,239,249,251,254,254,254,255,255,255,255,253,251,248,27,42,246,251,253,253,254,254,254,255,255,255,255,253,247,184,152,157,244,251,253,253,254,254,254,255,255,255,255,250,219,240,252,253,201,224,250,254,254,254,254,255,255,255,255,245,167,248,252,254,244,251,248,255,254,253,253,255,255,255,255,199,251,251,254,253,253,253,24,255,252,253,254,255,255,255,255,117,250,253,254,252,253,251,102,247,253,254,254,255,255,255,255,220,246,250,250,253,249,116,247,252,252,253,254,255,255,255,255,250,47,83,114,91,103,251,247,254,253,253,254,255,255,255,255,255,255,255,255,255,255,255,255,255,255,255,255,255,255
3,255,255,255,253,255,255,255,251,255,255,255,255,255,255,255,255,255,255,253,252,245,163,143,123,129,238,254,253,255,255,255,255,255,255,236,89,37,57,136,152,49,200,253,254,255,255,255,255,255,255,197,136,183,249,251,239,50,211,254,252,255,255,255,255,255,255,250,250,253,250,240,120,94,244,253,255,254,255,255,255,255,255,255,251,253,254,144,51,92,102,185,253,249,252,255,255,255,255,253,255,243,174,41,75,84,87,54,172,251,251,255,255,255,255,255,249,226,39,195,247,254,253,176,52,192,253,255,255,255,255,252,254,247,232,247,252,255,254,251,51,122,253,255,255,255,255,255,253,254,253,253,254,255,254,241,85,120,253,255,255,255,255,253,255,250,255,249,254,253,254,209,47,208,254,255,255,255,255,255,251,252,243,188,251,253,232,48,168,253,255,255,255,255,255,255,249,135,35,175,187,142,57,158,251,255,255,255,255,255,255,251,253,88,46,55,50,72,222,254,253,253,255,255,255,255,255,255,253,252,253,254,254,249,250,253,255,255,255,255,255,255,255,255,255,255,255,255,255,255,255,255,255,255,255,255,255
1,255,255,255,255,255,255,255,255,255,255,253,251,255,255,255,255,255,255,255,255,255,255,255,255,255,254,127,254,255,255,255,255,255,255,255,255,255,255,255,255,251,100,14,253,255,255,255,255,255,255,255,255,255,253,253,255,196,109,81,252,255,255,255,255,255,255,255,255,254,254,253,239,55,229,60,252,255,255,255,255,255,255,255,255,254,253,242,57,243,248,102,253,255,255,255,255,255,255,255,255,254,241,79,243,252,247,163,255,255,255,255,255,255,255,255,252,242,94,250,252,252,164,193,251,255,255,255,255,255,255,255,254,199,247,248,255,250,90,189,253,255,255,255,255,255,255,255,254,252,255,248,254,251,93,221,253,255,255,255,255,255,255,255,255,254,254,254,254,252,87,239,253,255,255,255,255,255,255,255,255,255,255,255,255,253,81,249,253,255,255,255,255,255,255,255,255,255,255,255,255,253,64,254,254,255,255,255,255,255,255,255,255,255,255,255,255,253,71,255,252,255,255,255,255,255,255,255,255,255,255,255,255,253,144,253,252,255,255,255,255,255,255,255,255,255,255,255,255,255,255,255,255,255,255,255,255
4,255,255,251,253,253,243,171,246,243,247,253,253,253,254,255,255,255,255,253,253,249,255,112,251,254,254,252,251,253,250,255,255,255,255,253,250,254,163,221,247,248,253,249,252,252,250,255,255,255,255,253,248,252,89,250,250,249,247,255,251,253,254,255,255,255,255,251,251,76,254,247,237,221,248,253,250,253,252,255,255,255,255,252,75,244,250,250,88,247,252,251,251,251,252,255,255,255,255,217,148,254,247,249,148,233,245,245,253,244,254,255,255,255,255,86,134,242,252,248,207,86,71,89,191,246,247,255,255,255,255,249,98,69,122,156,250,70,247,251,254,253,255,255,255,255,255,249,252,254,248,248,246,57,252,251,249,251,253,255,255,255,255,248,252,253,251,251,252,87,253,251,251,250,254,255,255,255,255,254,252,252,249,253,252,179,206,249,251,250,251,255,255,255,255,252,250,251,254,250,252,253,58,248,252,251,252,255,255,255,255,253,251,254,251,250,249,246,76,247,247,251,249,255,255,255,255,255,253,253,251,253,254,247,173,140,248,249,254,255,255,255,255,255,255,255,255,255,255,255,255,255,255,255,255,255,255
6,255,255,255,255,255,255,255,253,252,252,253,253,253,255,255,255,255,255,255,254,255,255,254,251,244,210,165,213,253,253,255,255,255,253,255,252,254,249,253,168,63,157,140,78,173,250,255,255,255,255,254,254,253,228,127,184,246,248,252,196,151,253,255,255,255,254,249,253,248,114,198,248,252,253,253,212,167,254,255,255,255,254,252,248,116,162,251,252,253,254,254,216,231,253,255,255,255,254,253,207,97,250,254,252,255,253,254,254,254,251,255,255,255,255,246,158,198,250,254,255,255,252,254,253,255,255,255,255,255,255,248,115,230,252,254,244,254,254,255,253,255,255,255,255,255,254,252,84,220,146,64,73,128,245,249,255,255,255,255,255,255,254,253,74,96,150,194,201,96,182,253,255,255,255,255,255,255,255,255,105,188,124,250,253,110,132,252,253,255,255,255,255,255,253,249,196,49,161,248,243,184,252,252,255,255,255,255,255,255,255,251,254,233,53,72,84,206,253,255,251,255,255,255,255,255,255,253,252,253,242,203,232,251,253,253,254,255,255,255,255,255,255,255,255,255,255,255,255,255,255,255,255,255,255,255,255
3,255,255,255,254,253,253,254,252,254,250,252,254,254,255,255,255,255,255,255,254,250,1,40,242,244,19,254,254,254,255,255,255,255,255,255,254,52,244,253,254,252,253,243,254,254,255,255,255,255,255,255,252,217,253,252,254,254,251,254,254,254,255,255,255,255,255,255,255,251,253,253,254,253,251,251,254,254,255,255,255,255,255,255,254,255,254,253,254,253,251,246,254,254,255,255,255,255,255,255,254,252,253,250,251,251,97,254,254,254,255,255,255,255,255,255,254,254,65,72,61,250,243,249,253,254,255,255,255,255,255,255,253,57,130,252,253,104,35,243,252,253,255,255,255,255,255,255,253,254,246,237,251,254,245,35,253,254,255,255,255,255,255,255,253,253,253,253,252,255,253,247,30,254,255,255,255,255,255,255,253,255,254,253,254,254,254,255,240,248,255,255,255,255,255,255,255,217,253,253,254,254,253,254,253,253,255,255,255,255,255,255,254,34,233,252,253,253,251,252,249,253,255,255,255,255,255,255,254,247,31,80,195,243,198,155,244,254,255,255,255,255,255,255,255,255,255,255,255,255,255,255,255,255,255,255,255
2,255,255,255,255,255,252,254,254,254,251,252,253,255,255,255,255,255,255,254,251,255,252,251,177,186,193,245,246,255,255,255,255,255,255,254,254,254,216,132,197,210,201,119,251,254,255,254,255,255,255,254,253,255,252,254,253,252,251,156,245,254,255,255,255,255,255,252,254,249,254,255,247,253,123,209,249,253,255,255,255,255,255,255,254,254,254,253,255,225,130,251,255,255,255,255,255,255,255,254,254,252,254,251,212,116,240,252,255,255,255,255,255,255,255,255,255,249,244,224,63,248,255,252,255,255,255,255,255,255,254,255,252,255,246,81,240,245,255,255,251,255,254,251,255,252,252,252,253,235,126,234,252,253,252,252,255,254,253,251,255,250,250,252,209,79,238,252,249,254,251,253,252,254,251,254,255,255,254,175,104,236,254,246,251,242,245,238,240,245,251,255,255,254,166,36,98,95,85,68,62,48,48,67,127,45,64,251,255,252,217,232,239,189,228,246,250,253,254,254,253,254,252,250,255,254,254,253,255,254,254,252,254,255,255,255,255,255,255,254,255,255,255,255,255,255,255,255,255,255,255,255,255,255,255,255,255
1,255,255,255,255,255,255,255,254,252,250,250,250,252,254,255,255,255,254,251,255,252,255,254,251,252,171,119,245,248,255,255,255,255,253,252,253,252,253,252,251,222,76,47,225,252,253,255,255,255,252,252,251,251,254,252,237,122,132,33,206,251,254,255,255,255,255,252,251,254,255,244,154,83,209,39,202,252,253,255,255,255,249,255,254,255,248,193,105,213,255,35,170,254,254,255,255,255,252,247,253,248,205,85,195,243,229,40,204,252,255,255,255,255,254,252,245,187,99,177,246,254,247,46,211,252,255,255,255,255,253,245,180,95,192,243,251,251,224,16,215,252,255,255,255,255,250,201,117,182,238,253,253,254,222,11,229,250,251,255,255,255,216,207,240,253,255,253,251,251,214,9,206,253,255,255,255,255,237,238,248,252,251,250,255,251,246,50,127,250,253,255,255,255,252,250,251,251,253,252,252,253,253,173,114,235,251,255,255,255,254,252,252,251,252,253,253,253,255,246,188,230,255,255,255,255,255,255,255,255,255,255,255,255,255,251,247,249,254,255,255,255,255,255,255,255,255,255,255,255,255,255,255,255,255,255,255
4,255,254,253,254,254,254,254,255,254,254,254,254,254,254,254,255,255,254,254,253,253,254,252,242,252,253,254,254,254,254,254,255,255,254,254,254,254,254,251,243,247,254,254,254,254,254,254,255,255,254,253,254,254,254,231,179,253,253,254,254,254,254,254,255,255,254,254,254,253,246,250,134,254,254,254,254,253,254,254,255,255,254,254,255,253,245,253,30,254,254,254,254,254,254,254,255,255,253,253,250,148,255,254,45,254,254,254,254,254,254,254,255,255,253,253,78,251,252,253,80,253,254,254,254,254,253,254,255,255,254,138,251,251,254,252,89,252,249,251,254,252,249,251,255,255,239,95,84,137,47,41,76,227,250,247,252,251,253,255,255,255,253,253,253,253,253,252,165,254,253,254,253,253,254,254,255,255,253,253,253,253,253,253,247,250,253,254,254,253,253,254,255,255,253,254,253,253,254,253,251,245,252,254,254,254,254,255,255,255,254,253,254,253,253,253,246,254,255,254,254,254,254,254,255,255,254,254,254,254,254,253,250,253,254,254,254,254,254,254,255,255,255,255,255,255,255,255,255,255,255,255,255,255,255,255,255
3,255,255,251,255,250,253,252,251,255,255,255,255,255,255,255,255,255,255,254,253,222,174,192,242,255,255,255,255,255,255,255,255,255,255,254,226,118,171,128,126,255,255,255,255,255,255,255,255,255,255,254,223,220,246,205,107,250,253,249,252,250,254,255,255,255,255,252,253,252,255,170,168,252,253,252,251,255,251,255,255,255,255,255,250,252,248,136,224,254,252,253,253,247,255,255,255,255,255,251,254,250,233,119,156,164,197,241,248,253,253,255,255,255,255,253,255,254,247,226,189,136,106,44,206,250,252,255,255,255,255,255,249,255,252,255,254,251,252,226,75,218,251,255,255,255,255,255,254,252,250,252,252,253,254,247,146,166,253,255,255,255,255,255,248,251,255,249,255,253,255,244,150,184,255,255,255,255,255,252,252,252,252,254,251,252,253,240,108,219,253,255,255,255,255,248,250,240,168,223,250,243,213,48,160,249,252,255,255,255,255,254,252,244,219,108,68,77,88,188,252,247,255,255,255,255,255,253,255,254,254,250,242,226,245,253,251,255,254,255,255,255,255,255,255,255,255,255,255,255,255,255,255,255,255,255,255
4,255,255,255,255,253,255,255,252,252,253,255,254,255,255,255,255,255,255,253,255,254,255,243,159,253,254,254,254,255,255,255,255,255,255,255,255,253,255,177,183,245,255,250,254,255,255,255,255,255,255,253,252,252,252,119,237,248,193,248,254,255,255,255,255,255,255,254,254,253,245,33,251,229,165,255,255,255,255,255,255,255,255,255,255,248,200,121,250,189,115,255,253,255,255,255,255,255,255,253,250,210,36,223,252,69,228,250,253,255,255,255,255,255,255,255,251,140,77,213,181,33,127,190,160,246,254,255,255,255,255,254,141,20,93,211,172,124,220,214,211,247,255,255,255,255,255,234,101,220,254,254,194,195,252,255,253,254,255,255,255,255,255,253,252,245,253,251,92,205,251,249,253,255,255,255,255,255,255,255,254,255,253,253,34,219,253,255,254,254,255,255,255,255,255,255,255,255,255,253,39,230,254,253,253,255,255,255,255,255,255,255,255,255,255,254,42,238,254,253,252,255,255,255,255,255,255,255,255,255,255,255,253,252,253,253,255,255,255,255,255,255,255,255,255,255,255,255,255,255,255,255,255,255,255,255,255
8,255,255,255,255,249,252,251,248,254,242,251,251,255,255,255,255,255,255,255,255,253,249,218,178,98,67,241,251,255,255,255,255,255,255,255,255,253,77,103,95,247,108,68,246,255,255,255,255,255,255,255,255,200,124,246,127,246,245,37,252,255,255,255,255,255,255,255,255,136,224,249,113,248,251,69,123,255,255,255,255,255,255,255,255,240,95,164,252,249,254,43,247,255,255,255,255,255,255,255,255,247,70,253,250,248,251,48,237,255,255,255,255,255,255,255,255,250,87,149,249,249,127,83,249,255,255,255,255,255,255,255,255,251,251,39,249,159,45,244,248,255,255,255,255,255,255,255,255,246,248,184,58,138,251,249,253,255,255,255,255,255,255,255,255,242,239,113,20,189,247,249,247,255,255,255,255,255,255,255,255,249,69,214,233,61,244,249,250,255,255,255,255,255,255,255,255,205,130,245,240,81,214,248,249,255,255,255,255,255,255,255,255,244,135,112,247,183,74,254,252,255,255,255,255,255,255,255,255,248,250,225,101,78,72,240,252,255,255,255,255,255,255,255,255,255,255,255,255,255,255,255,255,255,255,255,255
6,255,255,255,255,255,255,255,255,255,254,255,255,253,255,255,255,255,255,255,255,255,255,255,251,252,250,252,163,148,255,255,255,255,255,254,254,255,253,252,250,244,163,141,178,180,253,254,255,255,255,255,255,251,253,251,227,144,115,245,252,254,254,255,255,255,255,254,250,253,250,201,106,192,244,252,253,255,255,255,255,255,255,253,250,253,175,99,221,254,250,253,254,250,255,255,255,255,254,252,242,169,135,208,249,253,249,210,194,232,254,255,255,255,255,246,201,135,239,251,251,244,204,145,109,107,252,254,255,255,255,246,97,216,247,236,167,152,196,249,253,125,221,254,255,255,252,159,115,248,248,163,164,238,251,237,252,147,234,254,255,255,249,117,235,248,219,123,238,248,253,255,140,78,255,255,255,255,252,116,246,251,119,176,254,253,214,170,106,228,251,254,255,255,251,124,146,251,150,170,229,159,106,196,244,254,255,254,255,255,252,244,117,140,121,122,113,192,246,243,254,255,254,255,255,255,254,255,247,235,229,239,253,255,253,253,255,255,255,255,255,255,255,255,255,255,255,255,255,255,255,255,255,255,255,255,255
3,255,255,255,255,254,254,247,227,251,254,254,254,255,255,255,255,255,255,255,255,254,227,243,255,227,254,254,254,255,255,255,255,255,255,255,255,250,254,252,254,205,254,254,254,255,255,255,255,255,255,255,255,254,254,254,251,251,254,254,254,255,255,255,255,255,255,255,255,254,254,255,110,249,254,254,254,255,255,255,255,255,255,255,255,254,253,243,248,244,252,254,254,255,255,255,255,255,255,255,255,252,210,79,241,254,213,231,254,255,255,255,255,255,255,255,255,155,100,254,254,253,254,209,251,255,255,255,255,255,255,255,255,253,254,253,254,254,254,254,219,255,255,255,255,255,255,255,255,254,254,254,254,254,254,255,209,255,255,255,255,255,255,255,255,254,254,254,254,254,254,251,210,255,255,255,255,255,255,255,255,254,254,254,254,254,254,252,253,255,255,255,255,255,255,255,255,254,254,254,254,254,250,130,254,255,255,255,255,255,255,255,255,254,253,254,249,250,230,253,254,255,255,255,255,255,255,255,255,250,245,199,127,225,251,253,254,255,255,255,255,255,255,255,255,255,255,255,255,255,255,255,255,255,255,255,255
9,255,255,255,255,255,255,255,255,255,255,255,255,255,255,255,255,255,255,250,251,251,197,198,215,245,255,254,253,255,255,255,255,255,255,255,244,123,127,231,136,236,254,254,255,254,255,255,255,255,255,248,180,150,251,250,217,165,250,250,253,255,255,255,255,255,253,254,124,231,252,250,99,50,246,253,254,254,255,255,255,255,255,253,119,191,206,163,128,112,117,249,254,254,255,255,255,255,253,254,221,132,133,200,248,242,79,197,255,255,255,255,255,255,255,254,254,249,255,255,254,250,218,136,247,253,255,255,255,255,255,255,253,255,254,253,253,254,246,122,175,253,255,255,255,255,254,253,253,255,254,254,253,249,248,215,135,254,255,255,255,255,253,255,254,253,255,254,253,251,253,218,93,251,255,255,255,255,255,253,253,255,253,248,253,250,240,129,202,253,255,255,255,255,255,255,253,252,251,248,222,146,151,192,253,254,255,255,255,255,254,255,255,255,190,73,91,215,252,254,249,254,255,255,255,255,255,254,254,253,250,248,248,253,253,253,253,255,255,255,255,255,255,255,255,255,255,255,255,255,255,255,255,255,255,255,255
9,255,255,255,254,254,254,254,255,251,251,247,250,255,255,255,255,255,255,255,254,254,254,253,252,122,173,238,221,255,255,255,255,255,255,255,254,254,254,249,119,254,252,224,241,255,255,255,255,255,255,255,254,254,254,252,157,135,164,106,250,255,255,255,255,255,255,255,254,254,254,254,253,253,250,120,251,255,255,255,255,255,255,255,254,254,254,254,253,253,253,125,253,255,255,255,255,255,255,255,254,254,254,254,254,254,254,120,254,255,255,255,255,255,255,255,254,254,254,254,254,254,255,116,248,255,255,255,255,255,255,255,254,254,254,254,254,254,255,150,253,255,255,255,255,255,255,255,254,254,254,254,253,253,255,147,254,255,255,255,255,255,255,255,254,254,254,254,254,254,254,169,249,255,255,255,255,255,255,255,254,250,247,221,189,224,241,165,253,255,255,255,255,255,255,255,254,201,68,236,254,254,248,155,247,255,255,255,255,255,255,255,254,143,247,247,250,254,250,81,252,255,255,255,255,255,255,255,253,112,162,149,132,153,67,249,253,255,255,255,255,255,255,255,255,255,255,255,255,255,255,255,255,255,255,255,255
8,255,255,254,254,254,254,254,254,254,255,248,252,252,252,255,255,255,255,254,254,254,254,247,240,231,245,254,64,89,238,255,255,255,255,254,254,254,254,255,249,28,51,237,248,67,162,255,255,255,255,254,243,255,255,100,68,69,231,252,252,251,254,255,255,255,255,254,255,255,91,71,105,243,255,252,251,252,251,255,255,255,255,254,219,109,96,233,223,252,255,251,251,255,249,255,255,255,255,252,244,87,243,252,252,255,252,255,255,215,191,255,255,255,255,252,255,79,233,252,252,255,249,241,175,182,251,255,255,255,255,252,238,91,251,252,252,245,219,216,255,255,255,255,255,255,255,254,254,53,87,254,161,197,254,237,252,252,252,255,255,255,255,248,255,176,57,89,240,240,254,251,254,254,254,255,255,255,255,236,72,79,238,198,83,86,170,252,255,255,252,255,255,255,255,204,215,238,248,236,254,248,104,79,115,255,252,255,255,255,255,125,132,222,205,245,243,229,169,76,105,255,247,255,255,255,255,251,255,159,122,35,11,21,144,238,249,248,255,255,255,255,255,255,255,255,255,255,255,255,255,255,255,255,255,255,255
2,255,251,249,250,251,248,251,249,252,251,251,251,251,252,255,255,255,254,251,244,216,84,58,79,119,250,252,253,251,251,255,255,255,253,203,68,66,193,249,247,48,246,248,251,251,251,255,255,255,239,129,216,252,248,246,185,83,249,250,251,251,251,255,255,255,251,247,251,251,253,243,127,250,251,251,252,251,251,255,255,255,252,251,251,250,246,141,178,251,252,251,250,251,253,255,255,255,252,250,251,253,234,117,248,251,252,251,250,250,250,255,255,255,253,252,251,251,117,197,250,251,252,252,252,251,252,255,255,255,253,252,248,226,115,247,251,251,251,250,249,251,252,255,255,255,253,251,252,83,222,250,251,253,252,251,252,251,251,255,255,255,252,252,170,155,246,250,251,251,251,251,253,252,252,255,255,255,251,248,109,218,248,250,250,250,250,247,247,246,252,255,255,255,249,247,97,244,248,250,247,251,253,253,246,248,204,255,255,255,251,250,134,82,172,208,248,210,184,142,69,59,163,255,255,255,251,250,247,177,88,57,41,33,49,89,172,249,249,255,255,255,255,255,255,255,255,255,255,255,255,255,255,255,255,255,255
5,255,255,255,255,255,255,255,255,255,255,255,255,255,255,255,255,255,253,254,255,255,255,254,254,254,255,255,254,254,255,255,255,248,252,251,251,250,251,250,250,252,253,246,207,178,243,251,255,252,235,209,200,168,65,52,46,70,69,46,69,78,99,245,255,248,218,159,59,167,212,204,197,209,230,238,254,253,250,248,255,255,252,254,65,251,253,255,255,255,255,255,252,254,255,254,255,254,254,253,82,165,253,254,253,254,253,255,255,255,251,255,255,249,252,251,207,70,129,229,252,250,255,251,255,255,255,255,255,254,253,244,252,235,81,64,200,249,252,255,255,255,255,255,255,253,245,138,252,254,251,175,82,242,253,250,255,255,255,255,255,230,251,102,249,245,250,235,73,209,251,255,255,255,255,255,255,253,183,128,164,161,161,123,115,245,252,255,255,255,255,255,255,254,204,94,115,185,207,226,247,253,255,255,255,255,255,255,255,246,254,245,255,248,251,252,253,254,255,255,255,255,255,255,255,252,255,253,255,255,254,254,255,255,255,255,255,255,255,255,255,255,255,255,255,255,255,255,255,255,255,255,255,255,255,255,255
4,255,255,255,255,253,253,255,255,255,253,253,255,255,255,255,255,255,255,255,255,254,254,84,249,253,254,255,255,255,255,255,255,255,255,255,255,255,252,105,251,251,255,254,255,255,255,255,255,255,255,255,255,255,207,131,254,171,255,254,255,255,255,255,255,255,255,255,255,251,184,195,248,57,253,254,255,255,255,255,255,255,255,255,255,251,148,246,239,162,254,254,255,255,255,255,255,255,255,255,255,253,120,252,233,145,247,242,255,255,255,255,255,255,255,255,255,252,61,230,215,71,15,200,255,255,255,255,255,255,255,255,255,254,233,208,192,211,249,253,255,255,255,255,255,255,255,255,255,253,253,253,205,234,254,254,255,255,255,255,255,255,255,255,255,254,253,255,122,239,255,254,255,255,255,255,255,255,255,255,255,254,254,255,96,241,254,253,255,255,255,255,255,255,255,255,255,255,254,253,53,245,252,255,255,255,255,255,255,255,255,255,255,254,253,247,63,249,254,252,255,255,255,255,255,255,255,255,255,255,255,255,249,255,255,253,255,255,255,255,255,255,255,255,255,255,255,255,255,255,255,255,255,255,255,255,255
6,255,255,255,255,255,255,255,253,252,253,253,251,255,255,255,255,255,253,254,254,252,251,198,159,122,120,141,218,253,254,255,255,255,252,254,253,215,124,60,141,184,184,149,103,251,253,255,255,255,255,252,242,61,101,240,252,254,255,230,90,252,253,255,255,255,250,247,57,149,243,250,254,253,252,238,199,254,254,255,255,255,253,175,51,244,252,250,254,255,255,247,253,255,255,255,255,255,254,117,48,251,249,255,237,231,250,254,252,253,255,255,255,255,251,143,65,239,184,72,42,39,76,240,252,255,255,255,255,255,252,210,51,143,77,170,197,208,41,164,251,255,255,255,255,255,255,224,45,48,191,252,249,251,180,137,246,255,255,255,255,255,251,245,50,101,222,253,251,251,206,114,252,255,255,255,255,255,255,254,74,51,151,246,250,250,128,137,251,255,255,255,255,255,254,251,240,44,90,120,89,45,48,198,250,255,255,255,255,255,254,253,254,193,120,119,135,136,216,245,250,255,255,255,255,255,254,255,255,251,249,252,247,252,251,251,252,255,255,255,255,255,255,255,255,255,255,255,255,255,255,255,255,255,255,255,255
5,255,255,255,254,254,252,254,252,255,253,255,255,249,255,255,255,255,255,255,254,254,255,252,248,88,116,119,253,249,255,255,255,255,255,255,254,249,101,83,134,255,251,253,253,254,255,255,255,255,255,255,254,240,76,240,253,253,251,253,254,253,255,255,255,255,255,255,250,88,253,251,254,254,254,254,254,254,255,255,255,255,255,255,214,236,250,253,253,254,254,254,254,253,255,255,255,255,255,254,97,253,253,253,251,254,254,254,254,254,255,255,255,255,255,255,95,249,250,254,253,255,254,254,254,254,255,255,255,255,255,254,209,80,85,91,127,214,252,253,252,253,255,255,255,255,255,255,252,250,252,254,254,244,88,217,250,253,255,255,255,255,255,255,254,254,253,253,253,254,252,124,245,254,255,255,255,255,255,255,253,253,254,254,254,253,253,236,205,254,255,255,255,255,255,255,254,254,255,254,254,254,254,89,242,254,255,255,255,255,255,255,253,123,251,252,254,254,62,181,252,254,255,255,255,255,255,255,254,255,203,91,99,123,250,251,250,254,255,255,255,255,255,255,255,255,255,255,255,255,255,255,255,255,255,255,255
2,255,255,255,250,255,249,249,254,251,248,250,253,255,255,255,255,255,255,255,254,251,254,248,249,197,229,248,251,255,255,255,255,255,255,255,253,255,250,242,67,23,13,237,253,255,255,255,255,255,255,255,253,254,250,85,128,233,70,113,255,255,255,255,255,255,255,255,252,252,122,112,254,245,61,124,254,255,255,255,255,255,255,255,253,245,82,247,253,216,36,231,253,255,255,255,255,255,255,254,247,243,159,244,252,179,111,255,250,255,255,255,255,255,255,255,249,230,166,253,247,60,203,242,253,255,255,255,255,255,255,255,254,246,245,242,84,117,245,254,248,255,255,255,255,255,255,255,254,254,248,126,94,244,254,252,251,255,255,255,255,255,255,255,252,251,166,55,224,250,253,249,251,255,255,255,255,255,255,255,251,214,27,233,249,249,202,235,252,252,255,255,255,255,255,255,234,49,23,58,54,42,40,84,157,248,255,255,255,255,255,255,239,28,211,223,227,234,236,249,245,248,255,255,255,255,255,255,252,254,255,252,252,252,251,253,251,252,255,255,255,255,255,255,255,255,255,255,255,255,255,255,255,255,255,255,255
0,255,255,254,252,250,251,252,254,250,253,254,253,254,254,255,255,255,255,253,162,79,240,157,81,101,247,253,254,254,254,255,255,255,255,248,244,251,251,253,252,185,251,251,251,253,254,255,255,255,255,91,238,253,253,254,254,254,252,103,232,164,251,255,255,255,255,83,253,253,253,254,254,254,254,252,253,245,228,255,255,255,255,123,252,253,253,253,254,254,254,254,254,249,70,255,255,255,255,125,253,254,254,254,254,254,254,254,254,250,80,255,255,255,255,106,254,254,254,254,253,254,254,254,254,250,170,255,255,255,255,75,252,254,254,254,254,254,254,254,254,244,232,255,255,255,255,140,241,251,253,254,254,254,254,254,253,225,237,255,255,255,255,249,242,251,253,254,254,254,254,253,253,70,249,255,255,255,255,253,76,252,250,253,254,254,254,253,216,246,253,255,255,255,255,252,250,63,247,252,254,255,254,245,78,254,254,255,255,255,255,254,254,251,67,252,252,254,245,66,253,254,254,255,255,255,255,254,254,252,250,78,92,74,115,253,254,254,254,255,255,255,255,255,255,255,255,255,255,255,255,255,255,255,255,255,255
3,255,255,250,252,255,249,246,251,252,255,255,255,255,255,255,255,255,253,253,249,238,153,129,143,229,254,255,253,255,255,255,255,255,255,255,248,79,69,170,84,190,252,253,252,255,255,255,255,255,254,252,193,67,250,251,189,58,254,253,253,254,255,255,255,255,255,254,245,228,253,250,143,139,251,253,251,255,255,255,255,255,253,254,252,252,249,166,35,165,234,249,254,255,255,255,255,255,255,254,254,253,166,36,47,45,86,213,253,251,255,255,255,255,254,254,254,254,89,156,208,243,119,36,241,252,255,255,255,255,254,254,255,252,251,253,253,252,245,90,111,251,255,255,255,255,255,251,254,253,255,254,255,253,252,96,57,247,255,255,255,255,255,255,253,253,250,252,252,253,229,69,164,249,255,255,255,255,255,222,79,215,247,252,241,221,60,73,249,253,255,255,255,255,254,245,155,60,97,113,100,34,128,229,253,254,255,255,255,255,255,252,250,250,176,52,82,235,253,255,251,255,255,255,255,255,255,251,251,249,252,254,252,253,252,252,255,254,255,255,255,255,255,255,255,255,255,255,255,255,255,255,255,255,255,255,255
0,255,255,249,253,251,250,253,255,252,251,255,254,254,255,255,255,255,255,253,252,248,250,207,163,163,204,255,252,255,255,255,255,255,255,255,252,254,160,39,26,75,72,214,248,254,255,255,255,255,255,255,253,210,14,112,233,251,196,29,237,251,255,255,255,255,255,251,248,135,154,247,248,251,240,101,166,252,255,255,255,255,255,251,229,150,255,250,255,255,248,160,104,249,255,255,255,255,255,252,206,98,245,254,253,251,252,208,107,249,255,255,255,255,255,250,201,164,246,254,254,251,252,184,153,250,255,255,255,255,255,253,191,180,250,255,251,254,249,127,202,252,255,255,255,255,255,250,201,175,253,251,253,252,232,77,237,252,255,255,255,255,255,255,198,167,245,255,251,253,151,128,248,250,255,255,255,255,255,246,226,106,235,250,252,188,96,236,252,253,255,255,255,255,255,255,248,146,45,137,106,75,211,245,254,253,255,255,255,255,255,253,254,248,223,120,203,251,248,255,252,253,255,255,255,255,255,255,255,255,255,255,255,255,255,255,255,255,255,255,255,255,255,255,255,255,255,255,255,255,255,255,255,255,255,255,255
3,255,255,255,255,255,255,255,255,255,255,255,255,255,255,255,255,252,255,255,254,255,255,255,253,255,255,255,252,254,254,255,255,255,254,251,254,253,255,252,255,248,253,255,254,162,245,250,255,247,250,236,254,254,251,254,254,243,252,255,252,224,224,244,255,252,135,141,249,255,254,254,251,161,202,254,250,251,84,232,255,255,213,180,247,255,250,252,250,72,31,218,244,243,100,215,255,252,254,155,243,254,255,255,254,149,155,164,126,114,48,248,255,253,254,108,230,254,255,252,253,194,118,250,254,241,245,254,255,255,255,171,202,254,255,254,254,167,187,244,248,251,248,254,255,255,255,226,102,243,255,253,252,64,247,252,255,253,255,253,255,255,255,255,123,137,253,255,215,118,246,255,253,255,251,254,255,255,255,248,248,131,104,113,113,225,253,255,254,254,255,255,255,255,255,249,254,252,232,244,252,249,253,255,254,255,255,255,255,255,255,255,255,255,255,255,255,255,255,255,255,255,255,255,255,255,255,255,255,255,255,255,255,255,255,255,255,255,255,255,255,255,255,255,255,255,255,255,255,255,255,255,255,255,255,255,255
8,255,255,255,255,254,252,252,246,251,253,254,255,255,255,255,255,255,255,255,255,253,255,206,138,253,145,183,254,255,255,255,255,255,255,255,255,246,231,245,65,237,192,80,254,255,255,255,255,255,255,255,255,251,229,73,253,253,253,81,252,255,255,255,255,255,255,255,255,254,66,254,253,255,249,222,251,255,255,255,255,255,255,255,255,244,195,252,252,252,163,250,252,255,255,255,255,255,255,255,255,201,232,255,255,253,243,254,254,255,255,255,255,255,255,255,255,235,177,251,254,148,254,254,254,255,255,255,255,255,255,255,255,251,72,253,249,253,255,253,254,255,255,255,255,255,255,255,255,254,254,120,156,253,249,255,254,255,255,255,255,255,255,255,255,255,250,154,137,249,255,254,253,255,255,255,255,255,255,255,255,254,252,152,252,73,187,254,251,255,255,255,255,255,255,255,255,253,246,238,250,251,244,95,249,255,255,255,255,255,255,255,255,253,176,254,255,249,247,68,251,255,255,255,255,255,255,255,255,254,250,179,140,55,76,248,254,255,255,255,255,255,255,255,255,255,255,255,255,255,255,255,255,255,255,255,255
6,255,255,254,254,255,255,253,255,253,253,252,254,251,253,255,255,255,255,254,253,255,252,255,254,98,81,74,171,249,254,255,255,255,255,255,254,253,226,65,195,204,211,216,52,223,255,255,255,255,255,254,252,201,95,236,251,249,254,252,122,168,254,255,255,255,255,255,243,71,250,253,254,255,254,255,254,234,254,255,255,255,255,251,130,155,251,254,254,253,255,254,254,254,254,255,255,255,255,252,120,244,253,255,255,255,255,253,252,255,252,255,255,255,255,253,103,250,255,254,255,255,254,254,255,255,255,255,255,255,255,251,93,246,220,157,208,250,252,255,255,255,255,255,255,255,255,253,117,135,199,177,103,117,252,254,255,255,255,255,255,255,255,248,90,239,247,254,247,92,210,255,255,255,255,255,255,255,255,249,90,248,250,252,250,200,227,253,255,255,255,255,255,255,255,249,125,195,251,252,249,179,248,255,255,255,255,255,255,255,255,254,248,119,198,209,119,222,254,255,255,255,255,255,255,255,255,255,249,247,179,179,255,251,250,255,255,255,255,255,255,255,255,255,255,255,255,255,255,255,255,255,255,255,255,255,255
3,255,255,255,255,255,253,255,255,253,253,250,255,255,255,255,255,255,255,255,255,253,246,252,207,74,138,252,247,255,255,255,255,255,255,255,255,255,243,37,214,246,250,212,243,255,255,255,255,255,255,255,253,232,91,247,255,255,244,126,255,255,255,255,255,255,255,255,252,14,249,250,255,255,224,212,250,255,255,255,255,255,255,255,232,15,232,255,252,250,138,255,252,255,255,255,255,255,255,255,255,255,255,250,244,134,52,160,255,255,255,255,255,255,255,255,253,247,255,253,75,66,243,43,252,255,255,255,255,255,255,255,255,247,255,177,45,252,255,175,237,255,255,255,255,255,255,255,255,255,255,175,252,255,253,201,241,255,255,255,255,255,255,255,255,250,249,255,252,255,255,226,217,255,255,255,255,255,255,255,255,247,255,253,255,255,255,131,233,255,255,255,255,255,255,255,255,253,94,255,253,255,252,22,252,255,255,255,255,255,255,255,255,249,230,203,181,212,68,220,253,255,255,255,255,255,255,255,255,253,255,255,252,238,246,250,252,255,255,255,255,255,255,255,255,255,255,255,255,255,255,255,255,255,255,255,255
7,255,255,255,255,255,255,255,253,255,255,255,253,255,255,255,255,255,255,255,252,254,251,245,245,231,176,131,252,255,255,255,255,255,255,255,217,53,56,69,110,121,55,92,250,253,255,255,255,255,255,254,254,246,251,252,239,227,55,250,251,253,255,255,255,255,255,255,248,255,253,254,254,68,163,254,252,254,255,255,255,255,255,254,253,255,254,254,233,40,246,250,255,255,255,255,255,255,255,255,253,252,253,253,212,133,252,253,253,255,255,255,255,255,255,255,254,255,248,238,64,205,227,213,245,255,255,255,255,255,255,254,235,78,58,45,33,30,65,55,111,255,255,255,255,255,255,255,234,185,250,229,59,250,252,253,250,255,255,255,255,255,255,255,251,255,251,157,83,250,255,255,254,255,255,255,255,255,255,255,253,255,249,157,217,249,255,254,255,255,255,255,255,255,255,254,254,254,250,98,245,253,253,255,252,255,255,255,255,255,255,255,253,253,252,59,245,248,255,253,254,255,255,255,255,255,255,255,255,250,255,71,251,252,254,253,255,255,255,255,255,255,255,255,255,255,255,255,255,255,255,255,255,255,255,255,255
9,255,255,255,250,254,247,245,252,248,254,254,254,254,255,255,255,255,255,255,254,253,139,81,130,60,245,252,254,249,255,255,255,255,255,255,254,84,251,248,248,243,72,240,246,253,255,255,255,255,255,255,191,248,253,251,252,252,153,198,232,244,255,255,255,255,255,255,250,70,248,251,251,246,167,64,152,249,255,255,255,255,255,255,254,240,65,89,65,66,55,251,83,251,255,255,255,255,255,255,254,251,251,251,251,252,249,247,65,249,255,255,255,255,255,255,254,253,253,253,253,253,252,254,98,253,255,255,255,255,255,255,254,254,254,253,253,253,253,253,67,253,255,255,255,255,255,255,255,252,252,254,255,251,255,254,80,250,255,255,255,255,255,255,254,255,254,254,251,254,254,251,71,254,255,255,255,255,255,255,254,254,254,254,252,254,252,249,92,252,255,255,255,255,255,255,254,254,254,211,254,251,254,251,59,249,255,255,255,255,255,255,253,254,254,172,147,250,244,201,127,255,255,255,255,255,255,255,254,253,254,253,254,118,90,117,253,253,255,255,255,255,255,255,255,255,255,255,255,255,255,255,255,255,255,255,255
2,255,255,255,255,255,255,255,255,255,255,255,255,255,255,255,255,253,252,249,243,214,132,121,215,247,251,254,254,251,252,252,255,255,250,242,82,91,237,243,120,122,250,251,253,255,254,254,255,254,255,178,248,249,252,251,237,84,253,254,254,251,251,252,255,246,251,236,253,253,251,251,113,185,254,252,253,254,254,254,255,254,254,255,255,254,254,245,71,251,242,254,254,252,253,254,255,254,254,252,250,248,251,248,115,250,251,251,251,253,254,254,255,253,253,251,253,248,253,115,244,249,253,250,253,254,252,254,255,252,252,252,253,249,221,97,254,251,245,253,254,253,252,251,255,253,253,253,252,252,97,250,249,249,250,251,252,254,251,254,255,255,247,184,122,36,20,237,247,253,246,242,252,252,252,251,255,250,229,151,223,106,220,71,44,220,254,250,253,253,254,253,255,252,130,244,94,243,250,251,191,86,43,218,249,252,251,253,255,251,85,84,248,251,255,250,254,253,204,104,76,93,205,245,255,252,156,255,255,254,252,254,252,253,254,249,254,251,114,172,255,255,255,255,255,255,255,255,255,255,255,255,255,255,255,255,255
